"INFLUENCER_ID","CATEGORY_NAME"
"2651","Healthy"
"9051","Healthy"
"9052","Healthy"
"9053","Healthy"
"9054","Healthy"
"9055","Healthy"
"9056","Healthy"
"9057","Healthy"
"9058","Healthy"
"9059","Healthy"
"9060","Healthy"
"9061","Healthy"
"9062","Healthy"
"9063","Healthy"
"9064","Healthy"
"9065","Healthy"
"9066","Healthy"
"9067","Healthy"
"9068","Healthy"
"9069","Healthy"
"9070","Healthy"
"9071","Healthy"
"9072","Healthy"
"9073","Healthy"
"9074","Healthy"
"9075","Healthy"
"9076","Healthy"
"9077","Healthy"
"9078","Healthy"
"9079","Healthy"
"9080","Healthy"
"9081","Healthy"
"9082","Healthy"
"9083","Healthy"
"9084","Healthy"
"9085","Healthy"
"9086","Healthy"
"9087","Healthy"
"9088","Healthy"
"9089","Healthy"
"9090","Healthy"
"9091","Healthy"
"9092","Healthy"
"9093","Healthy"
"9094","Healthy"
"9095","Healthy"
"9096","Healthy"
"9097","Healthy"
"9098","Healthy"
"9099","Healthy"
"9100","Healthy"
"9151","Healthy"
"9152","Healthy"
"9153","Healthy"
"9154","Healthy"
"9155","Healthy"
"9156","Healthy"
"9157","Healthy"
"9158","Healthy"
"9159","Healthy"
"9160","Healthy"
"9161","Healthy"
"9162","Healthy"
"9163","Healthy"
"9164","Healthy"
"9165","Healthy"
"9166","Healthy"
"9167","Healthy"
"9168","Healthy"
"9169","Healthy"
"9170","Healthy"
"9171","Healthy"
"9172","Healthy"
"9173","Healthy"
"9174","Healthy"
"9175","Healthy"
"9176","Healthy"
"9177","Healthy"
"9178","Healthy"
"9179","Healthy"
"9180","Healthy"
"9181","Healthy"
"9182","Healthy"
"9183","Healthy"
"9184","Healthy"
"9185","Healthy"
"9186","Healthy"
"9187","Healthy"
"9188","Healthy"
"9189","Healthy"
"9190","Healthy"
"9191","Healthy"
"9192","Healthy"
"9193","Healthy"
"9194","Healthy"
"9195","Healthy"
"9196","Healthy"
"9197","Healthy"
"9198","Healthy"
"9199","Healthy"
"9200","Healthy"
"9251","Healthy"
"9252","Healthy"
"9253","Healthy"
"9254","Healthy"
"9255","Healthy"
"9256","Healthy"
"9257","Healthy"
"9258","Healthy"
"9259","Healthy"
"9260","Healthy"
"9261","Healthy"
"9262","Healthy"
"9263","Healthy"
"9264","Healthy"
"9265","Healthy"
"9266","Healthy"
"9267","Healthy"
"9268","Healthy"
"9269","Healthy"
"9270","Healthy"
"9271","Healthy"
"9272","Healthy"
"9273","Healthy"
"9274","Healthy"
"9275","Healthy"
"9276","Healthy"
"9277","Healthy"
"9278","Healthy"
"9279","Healthy"
"9280","Healthy"
"9281","Healthy"
"9282","Healthy"
"9283","Healthy"
"9284","Healthy"
"9285","Healthy"
"9286","Healthy"
"9287","Healthy"
"9288","Healthy"
"9289","Healthy"
"9290","Healthy"
"9291","Healthy"
"9292","Healthy"
"9293","Healthy"
"9294","Healthy"
"9295","Healthy"
"9296","Healthy"
"9297","Healthy"
"9298","Healthy"
"9299","Healthy"
"9300","Healthy"
"9351","Healthy"
"9352","Healthy"
"9353","Healthy"
"9354","Healthy"
"9355","Healthy"
"9356","Healthy"
"9357","Healthy"
"9358","Healthy"
"9359","Healthy"
"9360","Healthy"
"9361","Healthy"
"9362","Healthy"
"9363","Healthy"
"9364","Healthy"
"9365","Healthy"
"9366","Healthy"
"9367","Healthy"
"9368","Healthy"
"9369","Healthy"
"9370","Healthy"
"9371","Healthy"
"9372","Healthy"
"9373","Healthy"
"9374","Healthy"
"9375","Healthy"
"9376","Healthy"
"9377","Healthy"
"9378","Healthy"
"9379","Healthy"
"9380","Healthy"
"9381","Healthy"
"9382","Healthy"
"9383","Healthy"
"9384","Healthy"
"9385","Healthy"
"9386","Healthy"
"9387","Healthy"
"9388","Healthy"
"9389","Healthy"
"9390","Healthy"
"9391","Healthy"
"9392","Healthy"
"9393","Healthy"
"9394","Healthy"
"9395","Healthy"
"9396","Healthy"
"9397","Healthy"
"9398","Healthy"
"9399","Healthy"
"9400","Healthy"
"9451","Healthy"
"9452","Healthy"
"9453","Healthy"
"9454","Healthy"
"9455","Healthy"
"9456","Healthy"
"9457","Healthy"
"9458","Healthy"
"9459","Healthy"
"9460","Healthy"
"9461","Healthy"
"9462","Healthy"
"9463","Healthy"
"9464","Healthy"
"9465","Healthy"
"9466","Healthy"
"9467","Healthy"
"9468","Healthy"
"9469","Healthy"
"9470","Healthy"
"9471","Healthy"
"9472","Healthy"
"9473","Healthy"
"9474","Healthy"
"9475","Healthy"
"9476","Healthy"
"9477","Healthy"
"9478","Healthy"
"9479","Healthy"
"9480","Healthy"
"9481","Healthy"
"9482","Healthy"
"9483","Healthy"
"9484","Healthy"
"9485","Healthy"
"9486","Healthy"
"9487","Healthy"
"9488","Healthy"
"9489","Healthy"
"9490","Healthy"
"9491","Healthy"
"9492","Healthy"
"9493","Healthy"
"9494","Healthy"
"9495","Healthy"
"9496","Healthy"
"9497","Healthy"
"9498","Healthy"
"9499","Healthy"
"9500","Healthy"
"9551","Healthy"
"9552","Healthy"
"9553","Healthy"
"9554","Healthy"
"9555","Healthy"
"9556","Healthy"
"9557","Healthy"
"9558","Healthy"
"9559","Healthy"
"9560","Healthy"
"9561","Healthy"
"9562","Healthy"
"9563","Healthy"
"9564","Healthy"
"9565","Healthy"
"9566","Healthy"
"9567","Healthy"
"9568","Healthy"
"9569","Healthy"
"9570","Healthy"
"9571","Healthy"
"9572","Healthy"
"9573","Healthy"
"9574","Healthy"
"9575","Healthy"
"9576","Healthy"
"9577","Healthy"
"9578","Healthy"
"9579","Healthy"
"9580","Healthy"
"9581","Healthy"
"9582","Healthy"
"9583","Healthy"
"9584","Healthy"
"9585","Healthy"
"9586","Healthy"
"9587","Healthy"
"9588","Healthy"
"9589","Healthy"
"9590","Healthy"
"9591","Healthy"
"9592","Healthy"
"9593","Healthy"
"9594","Healthy"
"9595","Healthy"
"9596","Healthy"
"9597","Healthy"
"9598","Healthy"
"9599","Healthy"
"9600","Healthy"
"9651","Healthy"
"9652","Healthy"
"9653","Healthy"
"9654","Healthy"
"9655","Healthy"
"9656","Healthy"
"9657","Healthy"
"9658","Healthy"
"9659","Healthy"
"9660","Healthy"
"9661","Healthy"
"9662","Healthy"
"9663","Healthy"
"9664","Healthy"
"9665","Healthy"
"9666","Healthy"
"9667","Healthy"
"9668","Healthy"
"9669","Healthy"
"9670","Healthy"
"9671","Healthy"
"9672","Healthy"
"9673","Healthy"
"9674","Healthy"
"9675","Healthy"
"9676","Healthy"
"9677","Healthy"
"9678","Healthy"
"9679","Healthy"
"9680","Healthy"
"9681","Healthy"
"9682","Healthy"
"9683","Healthy"
"9684","Healthy"
"9685","Healthy"
"9686","Healthy"
"9687","Healthy"
"9688","Healthy"
"9689","Healthy"
"9690","Healthy"
"9691","Healthy"
"9692","Healthy"
"9693","Healthy"
"9694","Healthy"
"9695","Healthy"
"9696","Healthy"
"9697","Healthy"
"9698","Healthy"
"9699","Healthy"
"9700","Healthy"
"9751","Healthy"
"9752","Healthy"
"9753","Healthy"
"9754","Healthy"
"9755","Healthy"
"9756","Healthy"
"9757","Healthy"
"9758","Healthy"
"9759","Healthy"
"9760","Healthy"
"9761","Healthy"
"9762","Healthy"
"9763","Healthy"
"9764","Healthy"
"9765","Healthy"
"9766","Healthy"
"9767","Healthy"
"9768","Healthy"
"9769","Healthy"
"9770","Healthy"
"9771","Healthy"
"9772","Healthy"
"9773","Healthy"
"9774","Healthy"
"9775","Healthy"
"9776","Healthy"
"9777","Healthy"
"9778","Healthy"
"9779","Healthy"
"9780","Healthy"
"9781","Healthy"
"9782","Healthy"
"9783","Healthy"
"9784","Healthy"
"9785","Healthy"
"9786","Healthy"
"9787","Healthy"
"9788","Healthy"
"9789","Healthy"
"9790","Healthy"
"9791","Healthy"
"9792","Healthy"
"9793","Healthy"
"9794","Healthy"
"9795","Healthy"
"9796","Healthy"
"9797","Healthy"
"9798","Healthy"
"9799","Healthy"
"9800","Healthy"
"9851","Healthy"
"9852","Healthy"
"9853","Healthy"
"9854","Healthy"
"9855","Healthy"
"9856","Healthy"
"9857","Healthy"
"9858","Healthy"
"9859","Healthy"
"9860","Healthy"
"9861","Healthy"
"9862","Healthy"
"9863","Healthy"
"9864","Healthy"
"9865","Healthy"
"9866","Healthy"
"9867","Healthy"
"9868","Healthy"
"9869","Healthy"
"9870","Healthy"
"9871","Healthy"
"9872","Healthy"
"9873","Healthy"
"9874","Healthy"
"9875","Healthy"
"9876","Healthy"
"9877","Healthy"
"9878","Healthy"
"9879","Healthy"
"9880","Healthy"
"9881","Healthy"
"9882","Healthy"
"9883","Healthy"
"9884","Healthy"
"9885","Healthy"
"9886","Healthy"
"9887","Healthy"
"9888","Healthy"
"9889","Healthy"
"9890","Healthy"
"9891","Healthy"
"9892","Healthy"
"9893","Healthy"
"9894","Healthy"
"9895","Healthy"
"9896","Healthy"
"9897","Healthy"
"9898","Healthy"
"9899","Healthy"
"9900","Healthy"
"9951","Healthy"
"9952","Healthy"
"9953","Healthy"
"9954","Healthy"
"9955","Healthy"
"9956","Healthy"
"9957","Healthy"
"9958","Healthy"
"9959","Healthy"
"9960","Healthy"
"9961","Healthy"
"9962","Healthy"
"9963","Healthy"
"9964","Healthy"
"9965","Healthy"
"9966","Healthy"
"9967","Healthy"
"9968","Healthy"
"9969","Healthy"
"9970","Healthy"
"9971","Healthy"
"9972","Healthy"
"9973","Healthy"
"9974","Healthy"
"9975","Healthy"
"9976","Healthy"
"9977","Healthy"
"9978","Healthy"
"9979","Healthy"
"9980","Healthy"
"9981","Healthy"
"9982","Healthy"
"9983","Healthy"
"9984","Healthy"
"9985","Healthy"
"9986","Healthy"
"9987","Healthy"
"9988","Healthy"
"9989","Healthy"
"9990","Healthy"
"9991","Healthy"
"9992","Healthy"
"9993","Healthy"
"9994","Healthy"
"9995","Healthy"
"9996","Healthy"
"9997","Healthy"
"9998","Healthy"
"9999","Healthy"
"10000","Healthy"
"10051","Healthy"
"10052","Healthy"
"10053","Healthy"
"10054","Healthy"
"10055","Healthy"
"10056","Healthy"
"10057","Healthy"
"10058","Healthy"
"10059","Healthy"
"10060","Healthy"
"10061","Healthy"
"10062","Healthy"
"10063","Healthy"
"10064","Healthy"
"10065","Healthy"
"10066","Healthy"
"10067","Healthy"
"10068","Healthy"
"10069","Healthy"
"10070","Healthy"
"10071","Healthy"
"10072","Healthy"
"10073","Healthy"
"10074","Healthy"
"10075","Healthy"
"10076","Healthy"
"10077","Healthy"
"10078","Healthy"
"10079","Healthy"
"10080","Healthy"
"10081","Healthy"
"10082","Healthy"
"10083","Healthy"
"10084","Healthy"
"10085","Healthy"
"10086","Healthy"
"10087","Healthy"
"10088","Healthy"
"10089","Healthy"
"10090","Healthy"
"10091","Healthy"
"10092","Healthy"
"10093","Healthy"
"10094","Healthy"
"10095","Healthy"
"10096","Healthy"
"10097","Healthy"
"10098","Healthy"
"10099","Healthy"
"10100","Healthy"
"10151","Healthy"
"10152","Healthy"
"10153","Healthy"
"10154","Healthy"
"10155","Healthy"
"10156","Healthy"
"10157","Healthy"
"10158","Healthy"
"10159","Healthy"
"10160","Healthy"
"10161","Healthy"
"10162","Healthy"
"10163","Healthy"
"10164","Healthy"
"10165","Healthy"
"10166","Healthy"
"10167","Healthy"
"10168","Healthy"
"10169","Healthy"
"10170","Healthy"
"10171","Healthy"
"10172","Healthy"
"10173","Healthy"
"10174","Healthy"
"10175","Healthy"
"10176","Healthy"
"10177","Healthy"
"10178","Healthy"
"10179","Healthy"
"10180","Healthy"
"10181","Healthy"
"10182","Healthy"
"10183","Healthy"
"10184","Healthy"
"10185","Healthy"
"10186","Healthy"
"10187","Healthy"
"10188","Healthy"
"10189","Healthy"
"10190","Healthy"
"10191","Healthy"
"10192","Healthy"
"10193","Healthy"
"10194","Healthy"
"10195","Healthy"
"10196","Healthy"
"10197","Healthy"
"10198","Healthy"
"10199","Healthy"
"10200","Healthy"
"10251","Healthy"
"10252","Healthy"
"10253","Healthy"
"10254","Healthy"
"10255","Healthy"
"10256","Healthy"
"10257","Healthy"
"10258","Healthy"
"10259","Healthy"
"10260","Healthy"
"10261","Healthy"
"10262","Healthy"
"10263","Healthy"
"10264","Healthy"
"10265","Healthy"
"10266","Healthy"
"10267","Healthy"
"10268","Healthy"
"10269","Healthy"
"10270","Healthy"
"10271","Healthy"
"10272","Healthy"
"10273","Healthy"
"10274","Healthy"
"10275","Healthy"
"10276","Healthy"
"10277","Healthy"
"10278","Healthy"
"10279","Healthy"
"10280","Healthy"
"10281","Healthy"
"10282","Healthy"
"10283","Healthy"
"10284","Healthy"
"10285","Healthy"
"10286","Healthy"
"10287","Healthy"
"10288","Healthy"
"10289","Healthy"
"10290","Healthy"
"10291","Healthy"
"10292","Healthy"
"10293","Healthy"
"10294","Healthy"
"10295","Healthy"
"10296","Healthy"
"10297","Healthy"
"10298","Healthy"
"10299","Healthy"
"10300","Healthy"
"10351","Healthy"
"10352","Healthy"
"10353","Healthy"
"10354","Healthy"
"10355","Healthy"
"10356","Healthy"
"10357","Healthy"
"10358","Healthy"
"10359","Healthy"
"10360","Healthy"
"10361","Healthy"
"10362","Healthy"
"10363","Healthy"
"10364","Healthy"
"10365","Healthy"
"10366","Healthy"
"10367","Healthy"
"10368","Healthy"
"10369","Healthy"
"10370","Healthy"
"10371","Healthy"
"10372","Healthy"
"10373","Healthy"
"10374","Healthy"
"10375","Healthy"
"10376","Healthy"
"10377","Healthy"
"10378","Healthy"
"10379","Healthy"
"10380","Healthy"
"10381","Healthy"
"10382","Healthy"
"10383","Healthy"
"10384","Healthy"
"10385","Healthy"
"10386","Healthy"
"10387","Healthy"
"10388","Healthy"
"10389","Healthy"
"10390","Healthy"
"10391","Healthy"
"10392","Healthy"
"10393","Healthy"
"10394","Healthy"
"10395","Healthy"
"10396","Healthy"
"10397","Healthy"
"10398","Healthy"
"10399","Healthy"
"10400","Healthy"
"10451","Healthy"
"10452","Healthy"
"10453","Healthy"
"10454","Healthy"
"10455","Healthy"
"10456","Healthy"
"10457","Healthy"
"10458","Healthy"
"10459","Healthy"
"10460","Healthy"
"10461","Healthy"
"10462","Healthy"
"10463","Healthy"
"10464","Healthy"
"10465","Healthy"
"10466","Healthy"
"10467","Healthy"
"10468","Healthy"
"10469","Healthy"
"10470","Healthy"
"10471","Healthy"
"10472","Healthy"
"10473","Healthy"
"10474","Healthy"
"10475","Healthy"
"10476","Healthy"
"10477","Healthy"
"10478","Healthy"
"10479","Healthy"
"10480","Healthy"
"10481","Healthy"
"10482","Healthy"
"10483","Healthy"
"10484","Healthy"
"10485","Healthy"
"10486","Healthy"
"10487","Healthy"
"10488","Healthy"
"10489","Healthy"
"10490","Healthy"
"10491","Healthy"
"10492","Healthy"
"10493","Healthy"
"10494","Healthy"
"10495","Healthy"
"10496","Healthy"
"10497","Healthy"
"10498","Healthy"
"10499","Healthy"
"10500","Healthy"
"10551","Healthy"
"10552","Healthy"
"10553","Healthy"
"10554","Healthy"
"10555","Healthy"
"10556","Healthy"
"10557","Healthy"
"10558","Healthy"
"10559","Healthy"
"10560","Healthy"
"10561","Healthy"
"10562","Healthy"
"10563","Healthy"
"10564","Healthy"
"10565","Healthy"
"10566","Healthy"
"10567","Healthy"
"10568","Healthy"
"10569","Healthy"
"10570","Healthy"
"10571","Healthy"
"10572","Healthy"
"10573","Healthy"
"10574","Healthy"
"10575","Healthy"
"10576","Healthy"
"10577","Healthy"
"10578","Healthy"
"10579","Healthy"
"10580","Healthy"
"10581","Healthy"
"10582","Healthy"
"10583","Healthy"
"10584","Healthy"
"10585","Healthy"
"10586","Healthy"
"10587","Healthy"
"10588","Healthy"
"10589","Healthy"
"10590","Healthy"
"10591","Healthy"
"10592","Healthy"
"10593","Healthy"
"10594","Healthy"
"10595","Healthy"
"10596","Healthy"
"10597","Healthy"
"10598","Healthy"
"10599","Healthy"
"10600","Healthy"
"10651","Healthy"
"10652","Healthy"
"10653","Healthy"
"10654","Healthy"
"10655","Healthy"
"10656","Healthy"
"10657","Healthy"
"10658","Healthy"
"10659","Healthy"
"10660","Healthy"
"10661","Healthy"
"10662","Healthy"
"10663","Healthy"
"10664","Healthy"
"10665","Healthy"
"10666","Healthy"
"10667","Healthy"
"10668","Healthy"
"10669","Healthy"
"10670","Healthy"
"10671","Healthy"
"10672","Healthy"
"10673","Healthy"
"10674","Healthy"
"10675","Healthy"
"10676","Healthy"
"10677","Healthy"
"10678","Healthy"
"10679","Healthy"
"10680","Healthy"
"10681","Healthy"
"10682","Healthy"
"10683","Healthy"
"10684","Healthy"
"10685","Healthy"
"10686","Healthy"
"10687","Healthy"
"10688","Healthy"
"10689","Healthy"
"10690","Healthy"
"10691","Healthy"
"10692","Healthy"
"10693","Healthy"
"10694","Healthy"
"10695","Healthy"
"10696","Healthy"
"10697","Healthy"
"10698","Healthy"
"10699","Healthy"
"10700","Healthy"
"10751","Healthy"
"10752","Healthy"
"10753","Healthy"
"10754","Healthy"
"10755","Healthy"
"10756","Healthy"
"10757","Healthy"
"10758","Healthy"
"10759","Healthy"
"10760","Healthy"
"10761","Healthy"
"10762","Healthy"
"10763","Healthy"
"10764","Healthy"
"10765","Healthy"
"10766","Healthy"
"10767","Healthy"
"10768","Healthy"
"10769","Healthy"
"10770","Healthy"
"10771","Healthy"
"10772","Healthy"
"10773","Healthy"
"10774","Healthy"
"10775","Healthy"
"10776","Healthy"
"10777","Healthy"
"10778","Healthy"
"10779","Healthy"
"10780","Healthy"
"10781","Healthy"
"10782","Healthy"
"10783","Healthy"
"10784","Healthy"
"10785","Healthy"
"10786","Healthy"
"10787","Healthy"
"10788","Healthy"
"10789","Healthy"
"10790","Healthy"
"10791","Healthy"
"10792","Healthy"
"10793","Healthy"
"10794","Healthy"
"10795","Healthy"
"10796","Healthy"
"10797","Healthy"
"10798","Healthy"
"10799","Healthy"
"10800","Healthy"
"10851","Healthy"
"10852","Healthy"
"10853","Healthy"
"10854","Healthy"
"10855","Healthy"
"10856","Healthy"
"10857","Healthy"
"10858","Healthy"
"10859","Healthy"
"10860","Healthy"
"10861","Healthy"
"10862","Healthy"
"10863","Healthy"
"10864","Healthy"
"10865","Healthy"
"10866","Healthy"
"10867","Healthy"
"10868","Healthy"
"10869","Healthy"
"10870","Healthy"
"10871","Healthy"
"10872","Healthy"
"10873","Healthy"
"10874","Healthy"
"10875","Healthy"
"10876","Healthy"
"10877","Healthy"
"10878","Healthy"
"10879","Healthy"
"10880","Healthy"
"10881","Healthy"
"10882","Healthy"
"10883","Healthy"
"10884","Healthy"
"10885","Healthy"
"10886","Healthy"
"10887","Healthy"
"10888","Healthy"
"10889","Healthy"
"10890","Healthy"
"10891","Healthy"
"10892","Healthy"
"10893","Healthy"
"10894","Healthy"
"10895","Healthy"
"10896","Healthy"
"10897","Healthy"
"10898","Healthy"
"10899","Healthy"
"10900","Healthy"
"10951","Healthy"
"10952","Healthy"
"10953","Healthy"
"10954","Healthy"
"10955","Healthy"
"10956","Healthy"
"10957","Healthy"
"10958","Healthy"
"10959","Healthy"
"10960","Healthy"
"10961","Healthy"
"10962","Healthy"
"10963","Healthy"
"10964","Healthy"
"10965","Healthy"
"10966","Healthy"
"10967","Healthy"
"10968","Healthy"
"10969","Healthy"
"10970","Healthy"
"10971","Healthy"
"10972","Healthy"
"10973","Healthy"
"10974","Healthy"
"10975","Healthy"
"10976","Healthy"
"10977","Healthy"
"10978","Healthy"
"10979","Healthy"
"10980","Healthy"
"10981","Healthy"
"10982","Healthy"
"10983","Healthy"
"10984","Healthy"
"10985","Healthy"
"10986","Healthy"
"10987","Healthy"
"10988","Healthy"
"10989","Healthy"
"10990","Healthy"
"10991","Healthy"
"10992","Healthy"
"10993","Healthy"
"10994","Healthy"
"10995","Healthy"
"10996","Healthy"
"10997","Healthy"
"10998","Healthy"
"10999","Healthy"
"11000","Healthy"
"11051","Healthy"
"11052","Healthy"
"11053","Healthy"
"11054","Healthy"
"11055","Healthy"
"11056","Healthy"
"11057","Healthy"
"11058","Healthy"
"11059","Healthy"
"11060","Healthy"
"11061","Healthy"
"11062","Healthy"
"11063","Healthy"
"11064","Healthy"
"11065","Healthy"
"11066","Healthy"
"11067","Healthy"
"11068","Healthy"
"11069","Healthy"
"11070","Healthy"
"11071","Healthy"
"11072","Healthy"
"11073","Healthy"
"11074","Healthy"
"11075","Healthy"
"11076","Healthy"
"11077","Healthy"
"11078","Healthy"
"11079","Healthy"
"11080","Healthy"
"11081","Healthy"
"11082","Healthy"
"11083","Healthy"
"11084","Healthy"
"11085","Healthy"
"11086","Healthy"
"11087","Healthy"
"11088","Healthy"
"11089","Healthy"
"11090","Healthy"
"11091","Healthy"
"11092","Healthy"
"11093","Healthy"
"11094","Healthy"
"11095","Healthy"
"11096","Healthy"
"11097","Healthy"
"11098","Healthy"
"11099","Healthy"
"11100","Healthy"
"11151","Healthy"
"11152","Healthy"
"11153","Healthy"
"11154","Healthy"
"11155","Healthy"
"11156","Healthy"
"11157","Healthy"
"11158","Healthy"
"11159","Healthy"
"11160","Healthy"
"11161","Healthy"
"11162","Healthy"
"11163","Healthy"
"11164","Healthy"
"11165","Healthy"
"11166","Healthy"
"11167","Healthy"
"11168","Healthy"
"11169","Healthy"
"11170","Healthy"
"11171","Healthy"
"11172","Healthy"
"11173","Healthy"
"11174","Healthy"
"11175","Healthy"
"11176","Healthy"
"11177","Healthy"
"11178","Healthy"
"11179","Healthy"
"11180","Healthy"
"11181","Healthy"
"11182","Healthy"
"11183","Healthy"
"11184","Healthy"
"11185","Healthy"
"11186","Healthy"
"11187","Healthy"
"11188","Healthy"
"11189","Healthy"
"11190","Healthy"
"11191","Healthy"
"11192","Healthy"
"11193","Healthy"
"11194","Healthy"
"11195","Healthy"
"11196","Healthy"
"11197","Healthy"
"11198","Healthy"
"11199","Healthy"
"11200","Healthy"
"11251","Healthy"
"11252","Healthy"
"11253","Healthy"
"11254","Healthy"
"11255","Healthy"
"11256","Healthy"
"11257","Healthy"
"11258","Healthy"
"11259","Healthy"
"11260","Healthy"
"11261","Healthy"
"11262","Healthy"
"11263","Healthy"
"11264","Healthy"
"11265","Healthy"
"11266","Healthy"
"11267","Healthy"
"11268","Healthy"
"11269","Healthy"
"11270","Healthy"
"11271","Healthy"
"11272","Healthy"
"11273","Healthy"
"11274","Healthy"
"11275","Healthy"
"11276","Healthy"
"11277","Healthy"
"11278","Healthy"
"11279","Healthy"
"11280","Healthy"
"11281","Healthy"
"11282","Healthy"
"11283","Healthy"
"11284","Healthy"
"11285","Healthy"
"11286","Healthy"
"11287","Healthy"
"11288","Healthy"
"11289","Healthy"
"11290","Healthy"
"11291","Healthy"
"11292","Healthy"
"11293","Healthy"
"11294","Healthy"
"11295","Healthy"
"11296","Healthy"
"11297","Healthy"
"11298","Healthy"
"11299","Healthy"
"11300","Healthy"
"11351","Healthy"
"11352","Healthy"
"11353","Healthy"
"11354","Healthy"
"11355","Healthy"
"11356","Healthy"
"11357","Healthy"
"11358","Healthy"
"11359","Healthy"
"11360","Healthy"
"11361","Healthy"
"11362","Healthy"
"11363","Healthy"
"11364","Healthy"
"11365","Healthy"
"11366","Healthy"
"11367","Healthy"
"11368","Healthy"
"11369","Healthy"
"11370","Healthy"
"11371","Healthy"
"11372","Healthy"
"11373","Healthy"
"11374","Healthy"
"11375","Healthy"
"11376","Healthy"
"11377","Healthy"
"11378","Healthy"
"11379","Healthy"
"11380","Healthy"
"11381","Healthy"
"11382","Healthy"
"11383","Healthy"
"11384","Healthy"
"11385","Healthy"
"11386","Healthy"
"11387","Healthy"
"11388","Healthy"
"11389","Healthy"
"11390","Healthy"
"11391","Healthy"
"11392","Healthy"
"11393","Healthy"
"11394","Healthy"
"11395","Healthy"
"11396","Healthy"
"11397","Healthy"
"11398","Healthy"
"11399","Healthy"
"11400","Healthy"
"11451","Healthy"
"11452","Healthy"
"11453","Healthy"
"11454","Healthy"
"11455","Healthy"
"11456","Healthy"
"11457","Healthy"
"11458","Healthy"
"11459","Healthy"
"11460","Healthy"
"11461","Healthy"
"11462","Healthy"
"11463","Healthy"
"11464","Healthy"
"11465","Healthy"
"11466","Healthy"
"11467","Healthy"
"11468","Healthy"
"11469","Healthy"
"11470","Healthy"
"11471","Healthy"
"11472","Healthy"
"11473","Healthy"
"11474","Healthy"
"11475","Healthy"
"11476","Healthy"
"11477","Healthy"
"11478","Healthy"
"11479","Healthy"
"11480","Healthy"
"11481","Healthy"
"11482","Healthy"
"11483","Healthy"
"11484","Healthy"
"11485","Healthy"
"11486","Healthy"
"11487","Healthy"
"11488","Healthy"
"11489","Healthy"
"11490","Healthy"
"11491","Healthy"
"11492","Healthy"
"11493","Healthy"
"11494","Healthy"
"11495","Healthy"
"11496","Healthy"
"11497","Healthy"
"11498","Healthy"
"11499","Healthy"
"11500","Healthy"
"11551","Healthy"
"11552","Healthy"
"11553","Healthy"
"11554","Healthy"
"11555","Healthy"
"11556","Healthy"
"11557","Healthy"
"11558","Healthy"
"11559","Healthy"
"11560","Healthy"
"11561","Healthy"
"11562","Healthy"
"11563","Healthy"
"11564","Healthy"
"11565","Healthy"
"11566","Healthy"
"11567","Healthy"
"11568","Healthy"
"11569","Healthy"
"11570","Healthy"
"11571","Healthy"
"11572","Healthy"
"11573","Healthy"
"11574","Healthy"
"11575","Healthy"
"11576","Healthy"
"11577","Healthy"
"11578","Healthy"
"11579","Healthy"
"11580","Healthy"
"11581","Healthy"
"11582","Healthy"
"11583","Healthy"
"11584","Healthy"
"11585","Healthy"
"11586","Healthy"
"11587","Healthy"
"11588","Healthy"
"11589","Healthy"
"11590","Healthy"
"11591","Healthy"
"11592","Healthy"
"11593","Healthy"
"11594","Healthy"
"11595","Healthy"
"11596","Healthy"
"11597","Healthy"
"11598","Healthy"
"11599","Healthy"
"11600","Healthy"
"11651","Healthy"
"11652","Healthy"
"11653","Healthy"
"11654","Healthy"
"11655","Healthy"
"11656","Healthy"
"11657","Healthy"
"11658","Healthy"
"11659","Healthy"
"11660","Healthy"
"11661","Healthy"
"11662","Healthy"
"11663","Healthy"
"11664","Healthy"
"11665","Healthy"
"11666","Healthy"
"11667","Healthy"
"11668","Healthy"
"11669","Healthy"
"11670","Healthy"
"11671","Healthy"
"11672","Healthy"
"11673","Healthy"
"11674","Healthy"
"11675","Healthy"
"11676","Healthy"
"11677","Healthy"
"11678","Healthy"
"11679","Healthy"
"11680","Healthy"
"11681","Healthy"
"11682","Healthy"
"11683","Healthy"
"11684","Healthy"
"11685","Healthy"
"11686","Healthy"
"11687","Healthy"
"11688","Healthy"
"11689","Healthy"
"11690","Healthy"
"11691","Healthy"
"11692","Healthy"
"11693","Healthy"
"11694","Healthy"
"11695","Healthy"
"11696","Healthy"
"11697","Healthy"
"11698","Healthy"
"11699","Healthy"
"11700","Healthy"
"11751","Healthy"
"11752","Healthy"
"11753","Healthy"
"11754","Healthy"
"11755","Healthy"
"11756","Healthy"
"11757","Healthy"
"11758","Healthy"
"11759","Healthy"
"11760","Healthy"
"11761","Healthy"
"11762","Healthy"
"11763","Healthy"
"11764","Healthy"
"11765","Healthy"
"11766","Healthy"
"11767","Healthy"
"11768","Healthy"
"11769","Healthy"
"11770","Healthy"
"11771","Healthy"
"11772","Healthy"
"11773","Healthy"
"11774","Healthy"
"11775","Healthy"
"11776","Healthy"
"11777","Healthy"
"11778","Healthy"
"11779","Healthy"
"11780","Healthy"
"11781","Healthy"
"11782","Healthy"
"11783","Healthy"
"11784","Healthy"
"11785","Healthy"
"11786","Healthy"
"11787","Healthy"
"11788","Healthy"
"11789","Healthy"
"11790","Healthy"
"11791","Healthy"
"11792","Healthy"
"11793","Healthy"
"11794","Healthy"
"11795","Healthy"
"11796","Healthy"
"11797","Healthy"
"11798","Healthy"
"11799","Healthy"
"11800","Healthy"
"11851","Healthy"
"11852","Healthy"
"11853","Healthy"
"11854","Healthy"
"11855","Healthy"
"11856","Healthy"
"11857","Healthy"
"11858","Healthy"
"11859","Healthy"
"11860","Healthy"
"11861","Healthy"
"11862","Healthy"
"11863","Healthy"
"11864","Healthy"
"11865","Healthy"
"11866","Healthy"
"11867","Healthy"
"11868","Healthy"
"11869","Healthy"
"11870","Healthy"
"11871","Healthy"
"11872","Healthy"
"11873","Healthy"
"11874","Healthy"
"11875","Healthy"
"11876","Healthy"
"11877","Healthy"
"11878","Healthy"
"11879","Healthy"
"11880","Healthy"
"11881","Healthy"
"11882","Healthy"
"11883","Healthy"
"11884","Healthy"
"11885","Healthy"
"11886","Healthy"
"11887","Healthy"
"11888","Healthy"
"11889","Healthy"
"11890","Healthy"
"11891","Healthy"
"11892","Healthy"
"11893","Healthy"
"11894","Healthy"
"11895","Healthy"
"11896","Healthy"
"11897","Healthy"
"11898","Healthy"
"11899","Healthy"
"11900","Healthy"
"11951","Healthy"
"11952","Healthy"
"11953","Healthy"
"11954","Healthy"
"11955","Healthy"
"11956","Healthy"
"11957","Healthy"
"11958","Healthy"
"11959","Healthy"
"11960","Healthy"
"11961","Healthy"
"11962","Healthy"
"11963","Healthy"
"11964","Healthy"
"11965","Healthy"
"11966","Healthy"
"11967","Healthy"
"11968","Healthy"
"11969","Healthy"
"11970","Healthy"
"11971","Healthy"
"11972","Healthy"
"11973","Healthy"
"11974","Healthy"
"11975","Healthy"
"11976","Healthy"
"11977","Healthy"
"11978","Healthy"
"11979","Healthy"
"11980","Healthy"
"11981","Healthy"
"11982","Healthy"
"11983","Healthy"
"11984","Healthy"
"11985","Healthy"
"11986","Healthy"
"11987","Healthy"
"11988","Healthy"
"11989","Healthy"
"11990","Healthy"
"11991","Healthy"
"11992","Healthy"
"11993","Healthy"
"11994","Healthy"
"11995","Healthy"
"11996","Healthy"
"11997","Healthy"
"11998","Healthy"
"11999","Healthy"
"12000","Healthy"
"12051","Healthy"
"12052","Healthy"
"12053","Healthy"
"12054","Healthy"
"12055","Healthy"
"12056","Healthy"
"12057","Healthy"
"12058","Healthy"
"12059","Healthy"
"12060","Healthy"
"12061","Healthy"
"12062","Healthy"
"12063","Healthy"
"12064","Healthy"
"12065","Healthy"
"12066","Healthy"
"12067","Healthy"
"12068","Healthy"
"12069","Healthy"
"12070","Healthy"
"12071","Healthy"
"12072","Healthy"
"12073","Healthy"
"12074","Healthy"
"12075","Healthy"
"12076","Healthy"
"12077","Healthy"
"12078","Healthy"
"12079","Healthy"
"12080","Healthy"
"12081","Healthy"
"12082","Healthy"
"12083","Healthy"
"12084","Healthy"
"12085","Healthy"
"12086","Healthy"
"12087","Healthy"
"12088","Healthy"
"12089","Healthy"
"12090","Healthy"
"12091","Healthy"
"12092","Healthy"
"12093","Healthy"
"12094","Healthy"
"12095","Healthy"
"12096","Healthy"
"12097","Healthy"
"12098","Healthy"
"12099","Healthy"
"12100","Healthy"
"12151","Healthy"
"12152","Healthy"
"12153","Healthy"
"12154","Healthy"
"12155","Healthy"
"12156","Healthy"
"12157","Healthy"
"12158","Healthy"
"12159","Healthy"
"12160","Healthy"
"12161","Healthy"
"12162","Healthy"
"12163","Healthy"
"12164","Healthy"
"12165","Healthy"
"12166","Healthy"
"12167","Healthy"
"12168","Healthy"
"12169","Healthy"
"12170","Healthy"
"12171","Healthy"
"12172","Healthy"
"12173","Healthy"
"12174","Healthy"
"12175","Healthy"
"12176","Healthy"
"12177","Healthy"
"12178","Healthy"
"12179","Healthy"
"12180","Healthy"
"12181","Healthy"
"12182","Healthy"
"12183","Healthy"
"12184","Healthy"
"12185","Healthy"
"12186","Healthy"
"12187","Healthy"
"12188","Healthy"
"12189","Healthy"
"12190","Healthy"
"12191","Healthy"
"12192","Healthy"
"12193","Healthy"
"12194","Healthy"
"12195","Healthy"
"12196","Healthy"
"12197","Healthy"
"12198","Healthy"
"12199","Healthy"
"12200","Healthy"
"12251","Healthy"
"12252","Healthy"
"12253","Healthy"
"12254","Healthy"
"12255","Healthy"
"12256","Healthy"
"12257","Healthy"
"12258","Healthy"
"12259","Healthy"
"12260","Healthy"
"12261","Healthy"
"12262","Healthy"
"12263","Healthy"
"12264","Healthy"
"12265","Healthy"
"12266","Healthy"
"12267","Healthy"
"12268","Healthy"
"12269","Healthy"
"12270","Healthy"
"12271","Healthy"
"12272","Healthy"
"12273","Healthy"
"12274","Healthy"
"12275","Healthy"
"12276","Healthy"
"12277","Healthy"
"12278","Healthy"
"12279","Healthy"
"12280","Healthy"
"12281","Healthy"
"12282","Healthy"
"12283","Healthy"
"12284","Healthy"
"12285","Healthy"
"12286","Healthy"
"12287","Healthy"
"12288","Healthy"
"12289","Healthy"
"12290","Healthy"
"12291","Healthy"
"12292","Healthy"
"12293","Healthy"
"12294","Healthy"
"12295","Healthy"
"12296","Healthy"
"12297","Healthy"
"12298","Healthy"
"12299","Healthy"
"12300","Healthy"
"12351","Healthy"
"12352","Healthy"
"12353","Healthy"
"12354","Healthy"
"12355","Healthy"
"12356","Healthy"
"12357","Healthy"
"12358","Healthy"
"12359","Healthy"
"12360","Healthy"
"12361","Healthy"
"12362","Healthy"
"12363","Healthy"
"12364","Healthy"
"12365","Healthy"
"12366","Healthy"
"12367","Healthy"
"12368","Healthy"
"12369","Healthy"
"12370","Healthy"
"12371","Healthy"
"12372","Healthy"
"12373","Healthy"
"12374","Healthy"
"12375","Healthy"
"12376","Healthy"
"12377","Healthy"
"12378","Healthy"
"12379","Healthy"
"12380","Healthy"
"12381","Healthy"
"12382","Healthy"
"12383","Healthy"
"12384","Healthy"
"12385","Healthy"
"12386","Healthy"
"12387","Healthy"
"12388","Healthy"
"12389","Healthy"
"12390","Healthy"
"12391","Healthy"
"12392","Healthy"
"12393","Healthy"
"12394","Healthy"
"12395","Healthy"
"12396","Healthy"
"12397","Healthy"
"12398","Healthy"
"12399","Healthy"
"12400","Healthy"
"12451","Healthy"
"12452","Healthy"
"12453","Healthy"
"12454","Healthy"
"12455","Healthy"
"12456","Healthy"
"12457","Healthy"
"12458","Healthy"
"12459","Healthy"
"12460","Healthy"
"12461","Healthy"
"12462","Healthy"
"12463","Healthy"
"12464","Healthy"
"12465","Healthy"
"12466","Healthy"
"12467","Healthy"
"12468","Healthy"
"12469","Healthy"
"12470","Healthy"
"12471","Healthy"
"12472","Healthy"
"12473","Healthy"
"12474","Healthy"
"12475","Healthy"
"12476","Healthy"
"12477","Healthy"
"12478","Healthy"
"12479","Healthy"
"12480","Healthy"
"12481","Healthy"
"12482","Healthy"
"12483","Healthy"
"12484","Healthy"
"12485","Healthy"
"12486","Healthy"
"12487","Healthy"
"12488","Healthy"
"12489","Healthy"
"12490","Healthy"
"12491","Healthy"
"12492","Healthy"
"12493","Healthy"
"12494","Healthy"
"12495","Healthy"
"12496","Healthy"
"12497","Healthy"
"12498","Healthy"
"12499","Healthy"
"12500","Healthy"
"12551","Healthy"
"12552","Healthy"
"12553","Healthy"
"12554","Healthy"
"12555","Healthy"
"12556","Healthy"
"12557","Healthy"
"12558","Healthy"
"12559","Healthy"
"12560","Healthy"
"12561","Healthy"
"12562","Healthy"
"12563","Healthy"
"12564","Healthy"
"12565","Healthy"
"12566","Healthy"
"12567","Healthy"
"12568","Healthy"
"12569","Healthy"
"12570","Healthy"
"12571","Healthy"
"12572","Healthy"
"12573","Healthy"
"12574","Healthy"
"12575","Healthy"
"12576","Healthy"
"12577","Healthy"
"12578","Healthy"
"12579","Healthy"
"12580","Healthy"
"12581","Healthy"
"12582","Healthy"
"12583","Healthy"
"12584","Healthy"
"12585","Healthy"
"12586","Healthy"
"12587","Healthy"
"12588","Healthy"
"12589","Healthy"
"12590","Healthy"
"12591","Healthy"
"12592","Healthy"
"12593","Healthy"
"12594","Healthy"
"12595","Healthy"
"12596","Healthy"
"12597","Healthy"
"12598","Healthy"
"12599","Healthy"
"12600","Healthy"
"12651","Healthy"
"12652","Healthy"
"12653","Healthy"
"12654","Healthy"
"12655","Healthy"
"12656","Healthy"
"12657","Healthy"
"12658","Healthy"
"12659","Healthy"
"12660","Healthy"
"12661","Healthy"
"12662","Healthy"
"12663","Healthy"
"12664","Healthy"
"12665","Healthy"
"12666","Healthy"
"12667","Healthy"
"12668","Healthy"
"12669","Healthy"
"12670","Healthy"
"12671","Healthy"
"12672","Healthy"
"12673","Healthy"
"12674","Healthy"
"12675","Healthy"
"12676","Healthy"
"12677","Healthy"
"12678","Healthy"
"12679","Healthy"
"12680","Healthy"
"12681","Healthy"
"12682","Healthy"
"12683","Healthy"
"12684","Healthy"
"12685","Healthy"
"12686","Healthy"
"12687","Healthy"
"12688","Healthy"
"12689","Healthy"
"12690","Healthy"
"12691","Healthy"
"12692","Healthy"
"12693","Healthy"
"12694","Healthy"
"12695","Healthy"
"12696","Healthy"
"12697","Healthy"
"12698","Healthy"
"12699","Healthy"
"12700","Healthy"
"12751","Healthy"
"12752","Healthy"
"12753","Healthy"
"12754","Healthy"
"12755","Healthy"
"12756","Healthy"
"12757","Healthy"
"12758","Healthy"
"12759","Healthy"
"12760","Healthy"
"12761","Healthy"
"12762","Healthy"
"12763","Healthy"
"12764","Healthy"
"12765","Healthy"
"12766","Healthy"
"12767","Healthy"
"12768","Healthy"
"12769","Healthy"
"12770","Healthy"
"12771","Healthy"
"12772","Healthy"
"12773","Healthy"
"12774","Healthy"
"12775","Healthy"
"12776","Healthy"
"12777","Healthy"
"12778","Healthy"
"12779","Healthy"
"12780","Healthy"
"12781","Healthy"
"12782","Healthy"
"12783","Healthy"
"12784","Healthy"
"12785","Healthy"
"12786","Healthy"
"12787","Healthy"
"12788","Healthy"
"12789","Healthy"
"12790","Healthy"
"12791","Healthy"
"12792","Healthy"
"12793","Healthy"
"12794","Healthy"
"12795","Healthy"
"12796","Healthy"
"12797","Healthy"
"12798","Healthy"
"12799","Healthy"
"12800","Healthy"
"12851","Healthy"
"12852","Healthy"
"12853","Healthy"
"12854","Healthy"
"12855","Healthy"
"12856","Healthy"
"12857","Healthy"
"12858","Healthy"
"12859","Healthy"
"12860","Healthy"
"12861","Healthy"
"12862","Healthy"
"12863","Healthy"
"12864","Healthy"
"12865","Healthy"
"12866","Healthy"
"12867","Healthy"
"12868","Healthy"
"12869","Healthy"
"12870","Healthy"
"12871","Healthy"
"12872","Healthy"
"12873","Healthy"
"12874","Healthy"
"12875","Healthy"
"12876","Healthy"
"12877","Healthy"
"12878","Healthy"
"12879","Healthy"
"12880","Healthy"
"12881","Healthy"
"12882","Healthy"
"12883","Healthy"
"12884","Healthy"
"12885","Healthy"
"12886","Healthy"
"12887","Healthy"
"12888","Healthy"
"12889","Healthy"
"12890","Healthy"
"12891","Healthy"
"12892","Healthy"
"12893","Healthy"
"12894","Healthy"
"12895","Healthy"
"12896","Healthy"
"12897","Healthy"
"12898","Healthy"
"12899","Healthy"
"12900","Healthy"
"12951","Healthy"
"12952","Healthy"
"12953","Healthy"
"12954","Healthy"
"12955","Healthy"
"12956","Healthy"
"12957","Healthy"
"12958","Healthy"
"12959","Healthy"
"12960","Healthy"
"12961","Healthy"
"12962","Healthy"
"12963","Healthy"
"12964","Healthy"
"12965","Healthy"
"12966","Healthy"
"12967","Healthy"
"12968","Healthy"
"12969","Healthy"
"12970","Healthy"
"12971","Healthy"
"12972","Healthy"
"12973","Healthy"
"12974","Healthy"
"12975","Healthy"
"12976","Healthy"
"12977","Healthy"
"12978","Healthy"
"12979","Healthy"
"12980","Healthy"
"12981","Healthy"
"12982","Healthy"
"12983","Healthy"
"12984","Healthy"
"12985","Healthy"
"12986","Healthy"
"12987","Healthy"
"12988","Healthy"
"12989","Healthy"
"12990","Healthy"
"12991","Healthy"
"12992","Healthy"
"12993","Healthy"
"12994","Healthy"
"12995","Healthy"
"12996","Healthy"
"12997","Healthy"
"12998","Healthy"
"12999","Healthy"
"13000","Healthy"
"13051","Healthy"
"13052","Healthy"
"13053","Healthy"
"13054","Healthy"
"13055","Healthy"
"13056","Healthy"
"13057","Healthy"
"13058","Healthy"
"13059","Healthy"
"13060","Healthy"
"13061","Healthy"
"13062","Healthy"
"13063","Healthy"
"13064","Healthy"
"13065","Healthy"
"13066","Healthy"
"13067","Healthy"
"13068","Healthy"
"13069","Healthy"
"13070","Healthy"
"13071","Healthy"
"13072","Healthy"
"13073","Healthy"
"13074","Healthy"
"13075","Healthy"
"13076","Healthy"
"13077","Healthy"
"13078","Healthy"
"13079","Healthy"
"13080","Healthy"
"13081","Healthy"
"13082","Healthy"
"13083","Healthy"
"13084","Healthy"
"13085","Healthy"
"13086","Healthy"
"13087","Healthy"
"13088","Healthy"
"13089","Healthy"
"13090","Healthy"
"13091","Healthy"
"13092","Healthy"
"13093","Healthy"
"13094","Healthy"
"13095","Healthy"
"13096","Healthy"
"13097","Healthy"
"13098","Healthy"
"13099","Healthy"
"13100","Healthy"
"13151","Healthy"
"13152","Healthy"
"13153","Healthy"
"13154","Healthy"
"13155","Healthy"
"13156","Healthy"
"13157","Healthy"
"13158","Healthy"
"13159","Healthy"
"13160","Healthy"
"13161","Healthy"
"13162","Healthy"
"13163","Healthy"
"13164","Healthy"
"13165","Healthy"
"13166","Healthy"
"13167","Healthy"
"13168","Healthy"
"13169","Healthy"
"13170","Healthy"
"13171","Healthy"
"13172","Healthy"
"13173","Healthy"
"13174","Healthy"
"13175","Healthy"
"13176","Healthy"
"13177","Healthy"
"13178","Healthy"
"13179","Healthy"
"13180","Healthy"
"13181","Healthy"
"13182","Healthy"
"13183","Healthy"
"13184","Healthy"
"13185","Healthy"
"13186","Healthy"
"13187","Healthy"
"13188","Healthy"
"13189","Healthy"
"13190","Healthy"
"13191","Healthy"
"13192","Healthy"
"13193","Healthy"
"13194","Healthy"
"13195","Healthy"
"13196","Healthy"
"13197","Healthy"
"13198","Healthy"
"13199","Healthy"
"13200","Healthy"
"13251","Healthy"
"13252","Healthy"
"13253","Healthy"
"13254","Healthy"
"13255","Healthy"
"13256","Healthy"
"13257","Healthy"
"13258","Healthy"
"13259","Healthy"
"13260","Healthy"
"13261","Healthy"
"13262","Healthy"
"13263","Healthy"
"13264","Healthy"
"13265","Healthy"
"13266","Healthy"
"13267","Healthy"
"13268","Healthy"
"13269","Healthy"
"13270","Healthy"
"13271","Healthy"
"13272","Healthy"
"13273","Healthy"
"13274","Healthy"
"13275","Healthy"
"13276","Healthy"
"13277","Healthy"
"13278","Healthy"
"13279","Healthy"
"13280","Healthy"
"13281","Healthy"
"13282","Healthy"
"13283","Healthy"
"13284","Healthy"
"13285","Healthy"
"13286","Healthy"
"13287","Healthy"
"13288","Healthy"
"13289","Healthy"
"13290","Healthy"
"13291","Healthy"
"13292","Healthy"
"13293","Healthy"
"13294","Healthy"
"13295","Healthy"
"13296","Healthy"
"13297","Healthy"
"13298","Healthy"
"13299","Healthy"
"13300","Healthy"
"13351","Healthy"
"13352","Healthy"
"13353","Healthy"
"13354","Healthy"
"13355","Healthy"
"13356","Healthy"
"13357","Healthy"
"13358","Healthy"
"13359","Healthy"
"13360","Healthy"
"13361","Healthy"
"13362","Healthy"
"13363","Healthy"
"13364","Healthy"
"13365","Healthy"
"13366","Healthy"
"13367","Healthy"
"13368","Healthy"
"13369","Healthy"
"13370","Healthy"
"13371","Healthy"
"13372","Healthy"
"13373","Healthy"
"13374","Healthy"
"13375","Healthy"
"13376","Healthy"
"13377","Healthy"
"13378","Healthy"
"13379","Healthy"
"13380","Healthy"
"13381","Healthy"
"13382","Healthy"
"13383","Healthy"
"13384","Healthy"
"13385","Healthy"
"13386","Healthy"
"13387","Healthy"
"13388","Healthy"
"13389","Healthy"
"13390","Healthy"
"13391","Healthy"
"13392","Healthy"
"13393","Healthy"
"13394","Healthy"
"13395","Healthy"
"13396","Healthy"
"13397","Healthy"
"13398","Healthy"
"13399","Healthy"
"13400","Healthy"
"13451","Healthy"
"13452","Healthy"
"13453","Healthy"
"13454","Healthy"
"13455","Healthy"
"13456","Healthy"
"13457","Healthy"
"13458","Healthy"
"13459","Healthy"
"13460","Healthy"
"13461","Healthy"
"13462","Healthy"
"13463","Healthy"
"13464","Healthy"
"13465","Healthy"
"13466","Healthy"
"13467","Healthy"
"13468","Healthy"
"13469","Healthy"
"13470","Healthy"
"13471","Healthy"
"13472","Healthy"
"13473","Healthy"
"13474","Healthy"
"13475","Healthy"
"13476","Healthy"
"13477","Healthy"
"13478","Healthy"
"13479","Healthy"
"13480","Healthy"
"13481","Healthy"
"13482","Healthy"
"13483","Healthy"
"13484","Healthy"
"13485","Healthy"
"13486","Healthy"
"13487","Healthy"
"13488","Healthy"
"13489","Healthy"
"13490","Healthy"
"13491","Healthy"
"13492","Healthy"
"13493","Healthy"
"13494","Healthy"
"13495","Healthy"
"13496","Healthy"
"13497","Healthy"
"13498","Healthy"
"13499","Healthy"
"13500","Healthy"
"13551","Healthy"
"13552","Healthy"
"13553","Healthy"
"13554","Healthy"
"13555","Healthy"
"13556","Healthy"
"13557","Healthy"
"13558","Healthy"
"13559","Healthy"
"13560","Healthy"
"13561","Healthy"
"13562","Healthy"
"13563","Healthy"
"13564","Healthy"
"13565","Healthy"
"13566","Healthy"
"13567","Healthy"
"13568","Healthy"
"13569","Healthy"
"13570","Healthy"
"13571","Healthy"
"13572","Healthy"
"13573","Healthy"
"13574","Healthy"
"13575","Healthy"
"13576","Healthy"
"13577","Healthy"
"13578","Healthy"
"13579","Healthy"
"13580","Healthy"
"13581","Healthy"
"13582","Healthy"
"13583","Healthy"
"13584","Healthy"
"13585","Healthy"
"13586","Healthy"
"13587","Healthy"
"13588","Healthy"
"13589","Healthy"
"13590","Healthy"
"13591","Healthy"
"13592","Healthy"
"13593","Healthy"
"13594","Healthy"
"13595","Healthy"
"13596","Healthy"
"13597","Healthy"
"13598","Healthy"
"13599","Healthy"
"13600","Healthy"
"13651","Healthy"
"13652","Healthy"
"13653","Healthy"
"13654","Healthy"
"13655","Healthy"
"13656","Healthy"
"13657","Healthy"
"13658","Healthy"
"13659","Healthy"
"13660","Healthy"
"13661","Healthy"
"13662","Healthy"
"13663","Healthy"
"13664","Healthy"
"13665","Healthy"
"13666","Healthy"
"13667","Healthy"
"13668","Healthy"
"13669","Healthy"
"13670","Healthy"
"13671","Healthy"
"13672","Healthy"
"13673","Healthy"
"13674","Healthy"
"13675","Healthy"
"13676","Healthy"
"13677","Healthy"
"13678","Healthy"
"13679","Healthy"
"13680","Healthy"
"13681","Healthy"
"13682","Healthy"
"13683","Healthy"
"13684","Healthy"
"13685","Healthy"
"13686","Healthy"
"13687","Healthy"
"13688","Healthy"
"13689","Healthy"
"13690","Healthy"
"13691","Healthy"
"13692","Healthy"
"13693","Healthy"
"13694","Healthy"
"13695","Healthy"
"13696","Healthy"
"13697","Healthy"
"13698","Healthy"
"13699","Healthy"
"13700","Healthy"
"13751","Healthy"
"13752","Healthy"
"13753","Healthy"
"13754","Healthy"
"13755","Healthy"
"13756","Healthy"
"13757","Healthy"
"13758","Healthy"
"13759","Healthy"
"13760","Healthy"
"13761","Healthy"
"13762","Healthy"
"13763","Healthy"
"13764","Healthy"
"13765","Healthy"
"13766","Healthy"
"13767","Healthy"
"13768","Healthy"
"13769","Healthy"
"13770","Healthy"
"13771","Healthy"
"13772","Healthy"
"13773","Healthy"
"13774","Healthy"
"13775","Healthy"
"13776","Healthy"
"13777","Healthy"
"13778","Healthy"
"13779","Healthy"
"13780","Healthy"
"13781","Healthy"
"13782","Healthy"
"13783","Healthy"
"13784","Healthy"
"13785","Healthy"
"13786","Healthy"
"13787","Healthy"
"13788","Healthy"
"13789","Healthy"
"13790","Healthy"
"13791","Healthy"
"13792","Healthy"
"13793","Healthy"
"13794","Healthy"
"13795","Healthy"
"13796","Healthy"
"13797","Healthy"
"13798","Healthy"
"13799","Healthy"
"13800","Healthy"
"13851","Healthy"
"13852","Healthy"
"13853","Healthy"
"13854","Healthy"
"13855","Healthy"
"13856","Healthy"
"13857","Healthy"
"13858","Healthy"
"13859","Healthy"
"13860","Healthy"
"13861","Healthy"
"13862","Healthy"
"13863","Healthy"
"13864","Healthy"
"13865","Healthy"
"13866","Healthy"
"13867","Healthy"
"13868","Healthy"
"13869","Healthy"
"13870","Healthy"
"13871","Healthy"
"13872","Healthy"
"13873","Healthy"
"13874","Healthy"
"13875","Healthy"
"13876","Healthy"
"13877","Healthy"
"13878","Healthy"
"13879","Healthy"
"13880","Healthy"
"13881","Healthy"
"13882","Healthy"
"13883","Healthy"
"13884","Healthy"
"13885","Healthy"
"13886","Healthy"
"13887","Healthy"
"13888","Healthy"
"13889","Healthy"
"13890","Healthy"
"13891","Healthy"
"13892","Healthy"
"13893","Healthy"
"13894","Healthy"
"13895","Healthy"
"13896","Healthy"
"13897","Healthy"
"13898","Healthy"
"13899","Healthy"
"13900","Healthy"
"13951","Healthy"
"13952","Healthy"
"13953","Healthy"
"13954","Healthy"
"13955","Healthy"
"13956","Healthy"
"13957","Healthy"
"13958","Healthy"
"13959","Healthy"
"13960","Healthy"
"13961","Healthy"
"13962","Healthy"
"13963","Healthy"
"13964","Healthy"
"13965","Healthy"
"13966","Healthy"
"13967","Healthy"
"13968","Healthy"
"13969","Healthy"
"13970","Healthy"
"13971","Healthy"
"13972","Healthy"
"13973","Healthy"
"13974","Healthy"
"13975","Healthy"
"13976","Healthy"
"13977","Healthy"
"13978","Healthy"
"13979","Healthy"
"13980","Healthy"
"13981","Healthy"
"13982","Healthy"
"13983","Healthy"
"13984","Healthy"
"13985","Healthy"
"13986","Healthy"
"13987","Healthy"
"13988","Healthy"
"13989","Healthy"
"13990","Healthy"
"13991","Healthy"
"13992","Healthy"
"13993","Healthy"
"13994","Healthy"
"13995","Healthy"
"13996","Healthy"
"13997","Healthy"
"13998","Healthy"
"13999","Healthy"
"14000","Healthy"
"14051","Healthy"
"14052","Healthy"
"14053","Healthy"
"14054","Healthy"
"14055","Healthy"
"14056","Healthy"
"14057","Healthy"
"14058","Healthy"
"14059","Healthy"
"14060","Healthy"
"14061","Healthy"
"14062","Healthy"
"14063","Healthy"
"14064","Healthy"
"14065","Healthy"
"14066","Healthy"
"14067","Healthy"
"14068","Healthy"
"14069","Healthy"
"14070","Healthy"
"14071","Healthy"
"14072","Healthy"
"14073","Healthy"
"14074","Healthy"
"14075","Healthy"
"14076","Healthy"
"14077","Healthy"
"14078","Healthy"
"14079","Healthy"
"14080","Healthy"
"14081","Healthy"
"14082","Healthy"
"14083","Healthy"
"14084","Healthy"
"14085","Healthy"
"14086","Healthy"
"14087","Healthy"
"14088","Healthy"
"14089","Healthy"
"14090","Healthy"
"14091","Healthy"
"14092","Healthy"
"14093","Healthy"
"14094","Healthy"
"14095","Healthy"
"14096","Healthy"
"14097","Healthy"
"14098","Healthy"
"14099","Healthy"
"14100","Healthy"
"14151","Healthy"
"14152","Healthy"
"14153","Healthy"
"14154","Healthy"
"14155","Healthy"
"14156","Healthy"
"14157","Healthy"
"14158","Healthy"
"14159","Healthy"
"14160","Healthy"
"14161","Healthy"
"14162","Healthy"
"14163","Healthy"
"14164","Healthy"
"14165","Healthy"
"14166","Healthy"
"14167","Healthy"
"14168","Healthy"
"14169","Healthy"
"14170","Healthy"
"14171","Healthy"
"14172","Healthy"
"14173","Healthy"
"14174","Healthy"
"14175","Healthy"
"14176","Healthy"
"14177","Healthy"
"14178","Healthy"
"14179","Healthy"
"14180","Healthy"
"14181","Healthy"
"14182","Healthy"
"14183","Healthy"
"14184","Healthy"
"14185","Healthy"
"14186","Healthy"
"14187","Healthy"
"14188","Healthy"
"14189","Healthy"
"14190","Healthy"
"14191","Healthy"
"14192","Healthy"
"14193","Healthy"
"14194","Healthy"
"14195","Healthy"
"14196","Healthy"
"14197","Healthy"
"14198","Healthy"
"14199","Healthy"
"14200","Healthy"
"14251","Healthy"
"14252","Healthy"
"14253","Healthy"
"14254","Healthy"
"14255","Healthy"
"14256","Healthy"
"14257","Healthy"
"14258","Healthy"
"14259","Healthy"
"14260","Healthy"
"14261","Healthy"
"14262","Healthy"
"14263","Healthy"
"14264","Healthy"
"14265","Healthy"
"14266","Healthy"
"14267","Healthy"
"14268","Healthy"
"14269","Healthy"
"14270","Healthy"
"14271","Healthy"
"14272","Healthy"
"14273","Healthy"
"14274","Healthy"
"14275","Healthy"
"14276","Healthy"
"14277","Healthy"
"14278","Healthy"
"14279","Healthy"
"14280","Healthy"
"14281","Healthy"
"14282","Healthy"
"14283","Healthy"
"14284","Healthy"
"14285","Healthy"
"14286","Healthy"
"14287","Healthy"
"14288","Healthy"
"14289","Healthy"
"14290","Healthy"
"14291","Healthy"
"14292","Healthy"
"14293","Healthy"
"14294","Healthy"
"14295","Healthy"
"14296","Healthy"
"14297","Healthy"
"14298","Healthy"
"14299","Healthy"
"14300","Healthy"
"14351","Healthy"
"14352","Healthy"
"14353","Healthy"
"14354","Healthy"
"14355","Healthy"
"14356","Healthy"
"14357","Healthy"
"14358","Healthy"
"14359","Healthy"
"14360","Healthy"
"14361","Healthy"
"14362","Healthy"
"14363","Healthy"
"14364","Healthy"
"14365","Healthy"
"14366","Healthy"
"14367","Healthy"
"14368","Healthy"
"14369","Healthy"
"14370","Healthy"
"14371","Healthy"
"14372","Healthy"
"14373","Healthy"
"14374","Healthy"
"14375","Healthy"
"14376","Healthy"
"14377","Healthy"
"14378","Healthy"
"14379","Healthy"
"14380","Healthy"
"14381","Healthy"
"14382","Healthy"
"14383","Healthy"
"14384","Healthy"
"14385","Healthy"
"14386","Healthy"
"14387","Healthy"
"14388","Healthy"
"14389","Healthy"
"14390","Healthy"
"14391","Healthy"
"14392","Healthy"
"14393","Healthy"
"14394","Healthy"
"14395","Healthy"
"14396","Healthy"
"14397","Healthy"
"14398","Healthy"
"14399","Healthy"
"14400","Healthy"
"14451","Healthy"
"14452","Healthy"
"14453","Healthy"
"14454","Healthy"
"14455","Healthy"
"14456","Healthy"
"14457","Healthy"
"14458","Healthy"
"14459","Healthy"
"14460","Healthy"
"14461","Healthy"
"14462","Healthy"
"14463","Healthy"
"14464","Healthy"
"14465","Healthy"
"14466","Healthy"
"14467","Healthy"
"14468","Healthy"
"14469","Healthy"
"14470","Healthy"
"14471","Healthy"
"14472","Healthy"
"14473","Healthy"
"14474","Healthy"
"14475","Healthy"
"14476","Healthy"
"14477","Healthy"
"14478","Healthy"
"14479","Healthy"
"14480","Healthy"
"14481","Healthy"
"14482","Healthy"
"14483","Healthy"
"14484","Healthy"
"14485","Healthy"
"14486","Healthy"
"14487","Healthy"
"14488","Healthy"
"14489","Healthy"
"14490","Healthy"
"14491","Healthy"
"14492","Healthy"
"14493","Healthy"
"14494","Healthy"
"14495","Healthy"
"14496","Healthy"
"14497","Healthy"
"14498","Healthy"
"14499","Healthy"
"14500","Healthy"
"14551","Healthy"
"14552","Healthy"
"14553","Healthy"
"14554","Healthy"
"14555","Healthy"
"14556","Healthy"
"14557","Healthy"
"14558","Healthy"
"14559","Healthy"
"14560","Healthy"
"14561","Healthy"
"14562","Healthy"
"14563","Healthy"
"14564","Healthy"
"14565","Healthy"
"14566","Healthy"
"14567","Healthy"
"14568","Healthy"
"14569","Healthy"
"14570","Healthy"
"14571","Healthy"
"14572","Healthy"
"14573","Healthy"
"14574","Healthy"
"14575","Healthy"
"14576","Healthy"
"14577","Healthy"
"14578","Healthy"
"14579","Healthy"
"14580","Healthy"
"14581","Healthy"
"14582","Healthy"
"14583","Healthy"
"14584","Healthy"
"14585","Healthy"
"14586","Healthy"
"14587","Healthy"
"14588","Healthy"
"14589","Healthy"
"14590","Healthy"
"14591","Healthy"
"14592","Healthy"
"14593","Healthy"
"14594","Healthy"
"14595","Healthy"
"14596","Healthy"
"14597","Healthy"
"14598","Healthy"
"14599","Healthy"
"14600","Healthy"
"14651","Healthy"
"14652","Healthy"
"14653","Healthy"
"14654","Healthy"
"14655","Healthy"
"14656","Healthy"
"14657","Healthy"
"14658","Healthy"
"14659","Healthy"
"14660","Healthy"
"14661","Healthy"
"14662","Healthy"
"14663","Healthy"
"14664","Healthy"
"14665","Healthy"
"14666","Healthy"
"14667","Healthy"
"14668","Healthy"
"14669","Healthy"
"14670","Healthy"
"14671","Healthy"
"14672","Healthy"
"14673","Healthy"
"14674","Healthy"
"14675","Healthy"
"14676","Healthy"
"14677","Healthy"
"14678","Healthy"
"14679","Healthy"
"14680","Healthy"
"14681","Healthy"
"14682","Healthy"
"14683","Healthy"
"14684","Healthy"
"14685","Healthy"
"14686","Healthy"
"14687","Healthy"
"14688","Healthy"
"14689","Healthy"
"14690","Healthy"
"14691","Healthy"
"14692","Healthy"
"14693","Healthy"
"14694","Healthy"
"14695","Healthy"
"14696","Healthy"
"14697","Healthy"
"14698","Healthy"
"14699","Healthy"
"14700","Healthy"
"14751","Healthy"
"14752","Healthy"
"14753","Healthy"
"14754","Healthy"
"14755","Healthy"
"14756","Healthy"
"14757","Healthy"
"14758","Healthy"
"14759","Healthy"
"14760","Healthy"
"14761","Healthy"
"14762","Healthy"
"14763","Healthy"
"14764","Healthy"
"14765","Healthy"
"14766","Healthy"
"14767","Healthy"
"14768","Healthy"
"14769","Healthy"
"14770","Healthy"
"14771","Healthy"
"14772","Healthy"
"14773","Healthy"
"14774","Healthy"
"14775","Healthy"
"14776","Healthy"
"14777","Healthy"
"14778","Healthy"
"14779","Healthy"
"14780","Healthy"
"14781","Healthy"
"14782","Healthy"
"14783","Healthy"
"14784","Healthy"
"14785","Healthy"
"14786","Healthy"
"14787","Healthy"
"14788","Healthy"
"14789","Healthy"
"14790","Healthy"
"14791","Healthy"
"14792","Healthy"
"14793","Healthy"
"14794","Healthy"
"14795","Healthy"
"14796","Healthy"
"14797","Healthy"
"14798","Healthy"
"14799","Healthy"
"14800","Healthy"
"14851","Healthy"
"14852","Healthy"
"14853","Healthy"
"14854","Healthy"
"14855","Healthy"
"14856","Healthy"
"14857","Healthy"
"14858","Healthy"
"14859","Healthy"
"14860","Healthy"
"14861","Healthy"
"14862","Healthy"
"14863","Healthy"
"14864","Healthy"
"14865","Healthy"
"14866","Healthy"
"14867","Healthy"
"14868","Healthy"
"14869","Healthy"
"14870","Healthy"
"14871","Healthy"
"14872","Healthy"
"14873","Healthy"
"14874","Healthy"
"14875","Healthy"
"14876","Healthy"
"14877","Healthy"
"14878","Healthy"
"14879","Healthy"
"14880","Healthy"
"14881","Healthy"
"14882","Healthy"
"14883","Healthy"
"14884","Healthy"
"14885","Healthy"
"14886","Healthy"
"14887","Healthy"
"14888","Healthy"
"14889","Healthy"
"14890","Healthy"
"14891","Healthy"
"14892","Healthy"
"14893","Healthy"
"14894","Healthy"
"14895","Healthy"
"14896","Healthy"
"14897","Healthy"
"14898","Healthy"
"14899","Healthy"
"14900","Healthy"
"14951","Healthy"
"14952","Healthy"
"14953","Healthy"
"14954","Healthy"
"14955","Healthy"
"14956","Healthy"
"14957","Healthy"
"14958","Healthy"
"14959","Healthy"
"14960","Healthy"
"14961","Healthy"
"14962","Healthy"
"14963","Healthy"
"14964","Healthy"
"14965","Healthy"
"14966","Healthy"
"14967","Healthy"
"14968","Healthy"
"14969","Healthy"
"14970","Healthy"
"14971","Healthy"
"14972","Healthy"
"14973","Healthy"
"14974","Healthy"
"14975","Healthy"
"14976","Healthy"
"14977","Healthy"
"14978","Healthy"
"14979","Healthy"
"14980","Healthy"
"14981","Healthy"
"14982","Healthy"
"14983","Healthy"
"14984","Healthy"
"14985","Healthy"
"14986","Healthy"
"14987","Healthy"
"14988","Healthy"
"14989","Healthy"
"14990","Healthy"
"14991","Healthy"
"14992","Healthy"
"14993","Healthy"
"14994","Healthy"
"14995","Healthy"
"14996","Healthy"
"14997","Healthy"
"14998","Healthy"
"14999","Healthy"
"15000","Healthy"
"15051","Healthy"
"15052","Healthy"
"15053","Healthy"
"15054","Healthy"
"15055","Healthy"
"15056","Healthy"
"15057","Healthy"
"15058","Healthy"
"15059","Healthy"
"15060","Healthy"
"15061","Healthy"
"15062","Healthy"
"15063","Healthy"
"15064","Healthy"
"15065","Healthy"
"15066","Healthy"
"15067","Healthy"
"15068","Healthy"
"15069","Healthy"
"15070","Healthy"
"15071","Healthy"
"15072","Healthy"
"15073","Healthy"
"15074","Healthy"
"15075","Healthy"
"15076","Healthy"
"15077","Healthy"
"15078","Healthy"
"15079","Healthy"
"15080","Healthy"
"15081","Healthy"
"15082","Healthy"
"15083","Healthy"
"15084","Healthy"
"15085","Healthy"
"15086","Healthy"
"15087","Healthy"
"15088","Healthy"
"15089","Healthy"
"15090","Healthy"
"15091","Healthy"
"15092","Healthy"
"15093","Healthy"
"15094","Healthy"
"15095","Healthy"
"15096","Healthy"
"15097","Healthy"
"15098","Healthy"
"15099","Healthy"
"15100","Healthy"
"15151","Healthy"
"15152","Healthy"
"15153","Healthy"
"15154","Healthy"
"15155","Healthy"
"15156","Healthy"
"15157","Healthy"
"15158","Healthy"
"15159","Healthy"
"15160","Healthy"
"15161","Healthy"
"15162","Healthy"
"15163","Healthy"
"15164","Healthy"
"15165","Healthy"
"15166","Healthy"
"15167","Healthy"
"15168","Healthy"
"15169","Healthy"
"15170","Healthy"
"15171","Healthy"
"15172","Healthy"
"15173","Healthy"
"15174","Healthy"
"15175","Healthy"
"15176","Healthy"
"15177","Healthy"
"15178","Healthy"
"15179","Healthy"
"15180","Healthy"
"15181","Healthy"
"15182","Healthy"
"15183","Healthy"
"15184","Healthy"
"15185","Healthy"
"15186","Healthy"
"15187","Healthy"
"15188","Healthy"
"15189","Healthy"
"15190","Healthy"
"15191","Healthy"
"15192","Healthy"
"15193","Healthy"
"15194","Healthy"
"15195","Healthy"
"15196","Healthy"
"15197","Healthy"
"15198","Healthy"
"15199","Healthy"
"15200","Healthy"
"15251","Healthy"
"15252","Healthy"
"15253","Healthy"
"15254","Healthy"
"15255","Healthy"
"15256","Healthy"
"15257","Healthy"
"15258","Healthy"
"15259","Healthy"
"15260","Healthy"
"15261","Healthy"
"15262","Healthy"
"15263","Healthy"
"15264","Healthy"
"15265","Healthy"
"15266","Healthy"
"15267","Healthy"
"15268","Healthy"
"15269","Healthy"
"15270","Healthy"
"15271","Healthy"
"15272","Healthy"
"15273","Healthy"
"15274","Healthy"
"15275","Healthy"
"15276","Healthy"
"15277","Healthy"
"15278","Healthy"
"15279","Healthy"
"15280","Healthy"
"15281","Healthy"
"15282","Healthy"
"15283","Healthy"
"15284","Healthy"
"15285","Healthy"
"15286","Healthy"
"15287","Healthy"
"15288","Healthy"
"15289","Healthy"
"15290","Healthy"
"15291","Healthy"
"15292","Healthy"
"15293","Healthy"
"15294","Healthy"
"15295","Healthy"
"15296","Healthy"
"15297","Healthy"
"15298","Healthy"
"15299","Healthy"
"15300","Healthy"
"15351","Healthy"
"15352","Healthy"
"15353","Healthy"
"15354","Healthy"
"15355","Healthy"
"15356","Healthy"
"15357","Healthy"
"15358","Healthy"
"15359","Healthy"
"15360","Healthy"
"15361","Healthy"
"15362","Healthy"
"15363","Healthy"
"15364","Healthy"
"15365","Healthy"
"15366","Healthy"
"15367","Healthy"
"15368","Healthy"
"15369","Healthy"
"15370","Healthy"
"15371","Healthy"
"15372","Healthy"
"15373","Healthy"
"15374","Healthy"
"15375","Healthy"
"15376","Healthy"
"15377","Healthy"
"15378","Healthy"
"15379","Healthy"
"15380","Healthy"
"15381","Healthy"
"15382","Healthy"
"15383","Healthy"
"15384","Healthy"
"15385","Healthy"
"15386","Healthy"
"15387","Healthy"
"15388","Healthy"
"15389","Healthy"
"15390","Healthy"
"15391","Healthy"
"15392","Healthy"
"15393","Healthy"
"15394","Healthy"
"15395","Healthy"
"15396","Healthy"
"15397","Healthy"
"15398","Healthy"
"15399","Healthy"
"15400","Healthy"
"15451","Healthy"
"15452","Healthy"
"15453","Healthy"
"15454","Healthy"
"15455","Healthy"
"15456","Healthy"
"15457","Healthy"
"15458","Healthy"
"15459","Healthy"
"15460","Healthy"
"15461","Healthy"
"15462","Healthy"
"15463","Healthy"
"15464","Healthy"
"15465","Healthy"
"15466","Healthy"
"15467","Healthy"
"15468","Healthy"
"15469","Healthy"
"15470","Healthy"
"15471","Healthy"
"15472","Healthy"
"15473","Healthy"
"15474","Healthy"
"15475","Healthy"
"15476","Healthy"
"15477","Healthy"
"15478","Healthy"
"15479","Healthy"
"15480","Healthy"
"15481","Healthy"
"15482","Healthy"
"15483","Healthy"
"15484","Healthy"
"15485","Healthy"
"15486","Healthy"
"15487","Healthy"
"15488","Healthy"
"15489","Healthy"
"15490","Healthy"
"15491","Healthy"
"15492","Healthy"
"15493","Healthy"
"15494","Healthy"
"15495","Healthy"
"15496","Healthy"
"15497","Healthy"
"15498","Healthy"
"15499","Healthy"
"15500","Healthy"
"15551","Healthy"
"15552","Healthy"
"15553","Healthy"
"15554","Healthy"
"15555","Healthy"
"15556","Healthy"
"15557","Healthy"
"15558","Healthy"
"15559","Healthy"
"15560","Healthy"
"15561","Healthy"
"15562","Healthy"
"15563","Healthy"
"15564","Healthy"
"15565","Healthy"
"15566","Healthy"
"15567","Healthy"
"15568","Healthy"
"15569","Healthy"
"15570","Healthy"
"15571","Healthy"
"15572","Healthy"
"15573","Healthy"
"15574","Healthy"
"15575","Healthy"
"15576","Healthy"
"15577","Healthy"
"15578","Healthy"
"15579","Healthy"
"15580","Healthy"
"15581","Healthy"
"15582","Healthy"
"15583","Healthy"
"15584","Healthy"
"15585","Healthy"
"15586","Healthy"
"15587","Healthy"
"15588","Healthy"
"15589","Healthy"
"15590","Healthy"
"15591","Healthy"
"15592","Healthy"
"15593","Healthy"
"15594","Healthy"
"15595","Healthy"
"15596","Healthy"
"15597","Healthy"
"15598","Healthy"
"15599","Healthy"
"15600","Healthy"
"15651","Healthy"
"15652","Healthy"
"15653","Healthy"
"15654","Healthy"
"15655","Healthy"
"15656","Healthy"
"15657","Healthy"
"15658","Healthy"
"15659","Healthy"
"15660","Healthy"
"15661","Healthy"
"15662","Healthy"
"15663","Healthy"
"15664","Healthy"
"15665","Healthy"
"15666","Healthy"
"15667","Healthy"
"15668","Healthy"
"15669","Healthy"
"15670","Healthy"
"15671","Healthy"
"15672","Healthy"
"15673","Healthy"
"15674","Healthy"
"15675","Healthy"
"15676","Healthy"
"15677","Healthy"
"15678","Healthy"
"15679","Healthy"
"15680","Healthy"
"15681","Healthy"
"15682","Healthy"
"15683","Healthy"
"15684","Healthy"
"15685","Healthy"
"15686","Healthy"
"15687","Healthy"
"15688","Healthy"
"15689","Healthy"
"15690","Healthy"
"15691","Healthy"
"15692","Healthy"
"15693","Healthy"
"15694","Healthy"
"15695","Healthy"
"15696","Healthy"
"15697","Healthy"
"15698","Healthy"
"15699","Healthy"
"15700","Healthy"
"15751","Healthy"
"15752","Healthy"
"15753","Healthy"
"15754","Healthy"
"15755","Healthy"
"15756","Healthy"
"15757","Healthy"
"15758","Healthy"
"15759","Healthy"
"15760","Healthy"
"15761","Healthy"
"15762","Healthy"
"15763","Healthy"
"15764","Healthy"
"15765","Healthy"
"15766","Healthy"
"15767","Healthy"
"15768","Healthy"
"15769","Healthy"
"15770","Healthy"
"15771","Healthy"
"15772","Healthy"
"15773","Healthy"
"15774","Healthy"
"15775","Healthy"
"15776","Healthy"
"15777","Healthy"
"15778","Healthy"
"15779","Healthy"
"15780","Healthy"
"15781","Healthy"
"15782","Healthy"
"15783","Healthy"
"15784","Healthy"
"15785","Healthy"
"15786","Healthy"
"15787","Healthy"
"15788","Healthy"
"15789","Healthy"
"15790","Healthy"
"15791","Healthy"
"15792","Healthy"
"15793","Healthy"
"15794","Healthy"
"15795","Healthy"
"15796","Healthy"
"15797","Healthy"
"15798","Healthy"
"15799","Healthy"
"15800","Healthy"
"15851","Healthy"
"15852","Healthy"
"15853","Healthy"
"15854","Healthy"
"15855","Healthy"
"15856","Healthy"
"15857","Healthy"
"15858","Healthy"
"15859","Healthy"
"15860","Healthy"
"15861","Healthy"
"15862","Healthy"
"15863","Healthy"
"15864","Healthy"
"15865","Healthy"
"15866","Healthy"
"15867","Healthy"
"15868","Healthy"
"15869","Healthy"
"15870","Healthy"
"15871","Healthy"
"15872","Healthy"
"15873","Healthy"
"15874","Healthy"
"15875","Healthy"
"15876","Healthy"
"15877","Healthy"
"15878","Healthy"
"15879","Healthy"
"15880","Healthy"
"15881","Healthy"
"15882","Healthy"
"15883","Healthy"
"15884","Healthy"
"15885","Healthy"
"15886","Healthy"
"15887","Healthy"
"15888","Healthy"
"15889","Healthy"
"15890","Healthy"
"15891","Healthy"
"15892","Healthy"
"15893","Healthy"
"15894","Healthy"
"15895","Healthy"
"15896","Healthy"
"15897","Healthy"
"15898","Healthy"
"15899","Healthy"
"15900","Healthy"
"15951","Healthy"
"15952","Healthy"
"15953","Healthy"
"15954","Healthy"
"15955","Healthy"
"15956","Healthy"
"15957","Healthy"
"15958","Healthy"
"15959","Healthy"
"15960","Healthy"
"15961","Healthy"
"15962","Healthy"
"15963","Healthy"
"15964","Healthy"
"15965","Healthy"
"15966","Healthy"
"15967","Healthy"
"15968","Healthy"
"15969","Healthy"
"15970","Healthy"
"15971","Healthy"
"15972","Healthy"
"15973","Healthy"
"15974","Healthy"
"15975","Healthy"
"15976","Healthy"
"15977","Healthy"
"15978","Healthy"
"15979","Healthy"
"15980","Healthy"
"15981","Healthy"
"15982","Healthy"
"15983","Healthy"
"15984","Healthy"
"15985","Healthy"
"15986","Healthy"
"15987","Healthy"
"15988","Healthy"
"15989","Healthy"
"15990","Healthy"
"15991","Healthy"
"15992","Healthy"
"15993","Healthy"
"15994","Healthy"
"15995","Healthy"
"15996","Healthy"
"15997","Healthy"
"15998","Healthy"
"15999","Healthy"
"16000","Healthy"
"16051","Healthy"
"16052","Healthy"
"16053","Healthy"
"16054","Healthy"
"16055","Healthy"
"16056","Healthy"
"16057","Healthy"
"16058","Healthy"
"16059","Healthy"
"16060","Healthy"
"16061","Healthy"
"16062","Healthy"
"16063","Healthy"
"16064","Healthy"
"16065","Healthy"
"16066","Healthy"
"16067","Healthy"
"16068","Healthy"
"16069","Healthy"
"16070","Healthy"
"16071","Healthy"
"16072","Healthy"
"16073","Healthy"
"16074","Healthy"
"16075","Healthy"
"16076","Healthy"
"16077","Healthy"
"16078","Healthy"
"16079","Healthy"
"16080","Healthy"
"16081","Healthy"
"16082","Healthy"
"16083","Healthy"
"16084","Healthy"
"16085","Healthy"
"16086","Healthy"
"16087","Healthy"
"16088","Healthy"
"16089","Healthy"
"16090","Healthy"
"16091","Healthy"
"16092","Healthy"
"16093","Healthy"
"16094","Healthy"
"16095","Healthy"
"16096","Healthy"
"16097","Healthy"
"16098","Healthy"
"16099","Healthy"
"16100","Healthy"
"16151","Healthy"
"16152","Healthy"
"16153","Healthy"
"16154","Healthy"
"16155","Healthy"
"16156","Healthy"
"16157","Healthy"
"16158","Healthy"
"16159","Healthy"
"16160","Healthy"
"16161","Healthy"
"16162","Healthy"
"16163","Healthy"
"16164","Healthy"
"16165","Healthy"
"16166","Healthy"
"16167","Healthy"
"16168","Healthy"
"16169","Healthy"
"16170","Healthy"
"16171","Healthy"
"16172","Healthy"
"16173","Healthy"
"16174","Healthy"
"16175","Healthy"
"16176","Healthy"
"16177","Healthy"
"16178","Healthy"
"16179","Healthy"
"16180","Healthy"
"16181","Healthy"
"16182","Healthy"
"16183","Healthy"
"16184","Healthy"
"16185","Healthy"
"16186","Healthy"
"16187","Healthy"
"16188","Healthy"
"16189","Healthy"
"16190","Healthy"
"16191","Healthy"
"16192","Healthy"
"16193","Healthy"
"16194","Healthy"
"16195","Healthy"
"16196","Healthy"
"16197","Healthy"
"16198","Healthy"
"16199","Healthy"
"16200","Healthy"
"16251","Healthy"
"16252","Healthy"
"16253","Healthy"
"16254","Healthy"
"16255","Healthy"
"16256","Healthy"
"16257","Healthy"
"16258","Healthy"
"16259","Healthy"
"16260","Healthy"
"16261","Healthy"
"16262","Healthy"
"16263","Healthy"
"16264","Healthy"
"16265","Healthy"
"16266","Healthy"
"16267","Healthy"
"16268","Healthy"
"16269","Healthy"
"16270","Healthy"
"16271","Healthy"
"16272","Healthy"
"16273","Healthy"
"16274","Healthy"
"16275","Healthy"
"16276","Healthy"
"16277","Healthy"
"16278","Healthy"
"16279","Healthy"
"16280","Healthy"
"16281","Healthy"
"16282","Healthy"
"16283","Healthy"
"16284","Healthy"
"16285","Healthy"
"16286","Healthy"
"16287","Healthy"
"16288","Healthy"
"16289","Healthy"
"16290","Healthy"
"16291","Healthy"
"16292","Healthy"
"16293","Healthy"
"16294","Healthy"
"16295","Healthy"
"16296","Healthy"
"16297","Healthy"
"16298","Healthy"
"16299","Healthy"
"16300","Healthy"
"16351","Healthy"
"16352","Healthy"
"16353","Healthy"
"16354","Healthy"
"16355","Healthy"
"16356","Healthy"
"16357","Healthy"
"16358","Healthy"
"16359","Healthy"
"16360","Healthy"
"16361","Healthy"
"16362","Healthy"
"16363","Healthy"
"16364","Healthy"
"16365","Healthy"
"16366","Healthy"
"16367","Healthy"
"16368","Healthy"
"16369","Healthy"
"16370","Healthy"
"16371","Healthy"
"16372","Healthy"
"16373","Healthy"
"16374","Healthy"
"16375","Healthy"
"16376","Healthy"
"16377","Healthy"
"16378","Healthy"
"16379","Healthy"
"16380","Healthy"
"16381","Healthy"
"16382","Healthy"
"16383","Healthy"
"16384","Healthy"
"16385","Healthy"
"16386","Healthy"
"16387","Healthy"
"16388","Healthy"
"16389","Healthy"
"16390","Healthy"
"16391","Healthy"
"16392","Healthy"
"16393","Healthy"
"16394","Healthy"
"16395","Healthy"
"16396","Healthy"
"16397","Healthy"
"16398","Healthy"
"16399","Healthy"
"16400","Healthy"
"16451","Healthy"
"16452","Healthy"
"16453","Healthy"
"16454","Healthy"
"16455","Healthy"
"16456","Healthy"
"16457","Healthy"
"16458","Healthy"
"16459","Healthy"
"16460","Healthy"
"16461","Healthy"
"16462","Healthy"
"16463","Healthy"
"16464","Healthy"
"16465","Healthy"
"16466","Healthy"
"16467","Healthy"
"16468","Healthy"
"16469","Healthy"
"16470","Healthy"
"16471","Healthy"
"16472","Healthy"
"16473","Healthy"
"16474","Healthy"
"16475","Healthy"
"16476","Healthy"
"16477","Healthy"
"16478","Healthy"
"16479","Healthy"
"16480","Healthy"
"16481","Healthy"
"16482","Healthy"
"16483","Healthy"
"16484","Healthy"
"16485","Healthy"
"16486","Healthy"
"16487","Healthy"
"16488","Healthy"
"16489","Healthy"
"16490","Healthy"
"16491","Healthy"
"16492","Healthy"
"16493","Healthy"
"16494","Healthy"
"16495","Healthy"
"16496","Healthy"
"16497","Healthy"
"16498","Healthy"
"16499","Healthy"
"16500","Healthy"
"16551","Healthy"
"16552","Healthy"
"16553","Healthy"
"16554","Healthy"
"16555","Healthy"
"16556","Healthy"
"16557","Healthy"
"16558","Healthy"
"16559","Healthy"
"16560","Healthy"
"16561","Healthy"
"16562","Healthy"
"16563","Healthy"
"16564","Healthy"
"16565","Healthy"
"16566","Healthy"
"16567","Healthy"
"16568","Healthy"
"16569","Healthy"
"16570","Healthy"
"16571","Healthy"
"16572","Healthy"
"16573","Healthy"
"16574","Healthy"
"16575","Healthy"
"16576","Healthy"
"16577","Healthy"
"16578","Healthy"
"16579","Healthy"
"16580","Healthy"
"16581","Healthy"
"16582","Healthy"
"16583","Healthy"
"16584","Healthy"
"16585","Healthy"
"16586","Healthy"
"16587","Healthy"
"16588","Healthy"
"16589","Healthy"
"16590","Healthy"
"16591","Healthy"
"16592","Healthy"
"16593","Healthy"
"16594","Healthy"
"16595","Healthy"
"16596","Healthy"
"16597","Healthy"
"16598","Healthy"
"16599","Healthy"
"16600","Healthy"
"16651","Healthy"
"16652","Healthy"
"16653","Healthy"
"16654","Healthy"
"16655","Healthy"
"16656","Healthy"
"16657","Healthy"
"16658","Healthy"
"16659","Healthy"
"16660","Healthy"
"16661","Healthy"
"16662","Healthy"
"16663","Healthy"
"16664","Healthy"
"16665","Healthy"
"16666","Healthy"
"16667","Healthy"
"16668","Healthy"
"16669","Healthy"
"16670","Healthy"
"16671","Healthy"
"16672","Healthy"
"16673","Healthy"
"16674","Healthy"
"16675","Healthy"
"16676","Healthy"
"16677","Healthy"
"16678","Healthy"
"16679","Healthy"
"16680","Healthy"
"16681","Healthy"
"16682","Healthy"
"16683","Healthy"
"16684","Healthy"
"16685","Healthy"
"16686","Healthy"
"16687","Healthy"
"16688","Healthy"
"16689","Healthy"
"16690","Healthy"
"16691","Healthy"
"16692","Healthy"
"16693","Healthy"
"16694","Healthy"
"16695","Healthy"
"16696","Healthy"
"16697","Healthy"
"16698","Healthy"
"16699","Healthy"
"16700","Healthy"
"16751","Healthy"
"16752","Healthy"
"16753","Healthy"
"16754","Healthy"
"16755","Healthy"
"16756","Healthy"
"16757","Healthy"
"16758","Healthy"
"16759","Healthy"
"16760","Healthy"
"16761","Healthy"
"16762","Healthy"
"16763","Healthy"
"16764","Healthy"
"16765","Healthy"
"16766","Healthy"
"16767","Healthy"
"16768","Healthy"
"16769","Healthy"
"16770","Healthy"
"16771","Healthy"
"16772","Healthy"
"16773","Healthy"
"16774","Healthy"
"16775","Healthy"
"16776","Healthy"
"16777","Healthy"
"16778","Healthy"
"16779","Healthy"
"16780","Healthy"
"16781","Healthy"
"16782","Healthy"
"16783","Healthy"
"16784","Healthy"
"16785","Healthy"
"16786","Healthy"
"16787","Healthy"
"16788","Healthy"
"16789","Healthy"
"16790","Healthy"
"16791","Healthy"
"16792","Healthy"
"16793","Healthy"
"16794","Healthy"
"16795","Healthy"
"16796","Healthy"
"16797","Healthy"
"16798","Healthy"
"16799","Healthy"
"16800","Healthy"
"16851","Healthy"
"16852","Healthy"
"16853","Healthy"
"16854","Healthy"
"16855","Healthy"
"16856","Healthy"
"16857","Healthy"
"16858","Healthy"
"16859","Healthy"
"16860","Healthy"
"16861","Healthy"
"16862","Healthy"
"16863","Healthy"
"16864","Healthy"
"16865","Healthy"
"16866","Healthy"
"16867","Healthy"
"16868","Healthy"
"16869","Healthy"
"16870","Healthy"
"16871","Healthy"
"16872","Healthy"
"16873","Healthy"
"16874","Healthy"
"16875","Healthy"
"16876","Healthy"
"16877","Healthy"
"16878","Healthy"
"16879","Healthy"
"16880","Healthy"
"16881","Healthy"
"16882","Healthy"
"16883","Healthy"
"16884","Healthy"
"16885","Healthy"
"16886","Healthy"
"16887","Healthy"
"16888","Healthy"
"16889","Healthy"
"16890","Healthy"
"16891","Healthy"
"16892","Healthy"
"16893","Healthy"
"16894","Healthy"
"16895","Healthy"
"16896","Healthy"
"16897","Healthy"
"16898","Healthy"
"16899","Healthy"
"16900","Healthy"
"16951","Healthy"
"16952","Healthy"
"16953","Healthy"
"16954","Healthy"
"16955","Healthy"
"16956","Healthy"
"16957","Healthy"
"16958","Healthy"
"16959","Healthy"
"16960","Healthy"
"16961","Healthy"
"16962","Healthy"
"16963","Healthy"
"16964","Healthy"
"16965","Healthy"
"16966","Healthy"
"16967","Healthy"
"16968","Healthy"
"16969","Healthy"
"16970","Healthy"
"16971","Healthy"
"16972","Healthy"
"16973","Healthy"
"16974","Healthy"
"16975","Healthy"
"16976","Healthy"
"16977","Healthy"
"16978","Healthy"
"16979","Healthy"
"16980","Healthy"
"16981","Healthy"
"16982","Healthy"
"16983","Healthy"
"16984","Healthy"
"16985","Healthy"
"16986","Healthy"
"16987","Healthy"
"16988","Healthy"
"16989","Healthy"
"16990","Healthy"
"16991","Healthy"
"16992","Healthy"
"16993","Healthy"
"16994","Healthy"
"16995","Healthy"
"16996","Healthy"
"16997","Healthy"
"16998","Healthy"
"16999","Healthy"
"17000","Healthy"
"17051","Healthy"
"17052","Healthy"
"17053","Healthy"
"17054","Healthy"
"17055","Healthy"
"17056","Healthy"
"17057","Healthy"
"17058","Healthy"
"17059","Healthy"
"17060","Healthy"
"17061","Healthy"
"17062","Healthy"
"17063","Healthy"
"17064","Healthy"
"17065","Healthy"
"17066","Healthy"
"17067","Healthy"
"17068","Healthy"
"17069","Healthy"
"17070","Healthy"
"17071","Healthy"
"17072","Healthy"
"17073","Healthy"
"17074","Healthy"
"17075","Healthy"
"17076","Healthy"
"17077","Healthy"
"17078","Healthy"
"17079","Healthy"
"17080","Healthy"
"17081","Healthy"
"17082","Healthy"
"17083","Healthy"
"17084","Healthy"
"17085","Healthy"
"17086","Healthy"
"17087","Healthy"
"17088","Healthy"
"17089","Healthy"
"17090","Healthy"
"17091","Healthy"
"17092","Healthy"
"17093","Healthy"
"17094","Healthy"
"17095","Healthy"
"17096","Healthy"
"17097","Healthy"
"17098","Healthy"
"17099","Healthy"
"17100","Healthy"
"17151","Healthy"
"17152","Healthy"
"17153","Healthy"
"17154","Healthy"
"17155","Healthy"
"17156","Healthy"
"17157","Healthy"
"17158","Healthy"
"17159","Healthy"
"17160","Healthy"
"17161","Healthy"
"17162","Healthy"
"17163","Healthy"
"17164","Healthy"
"17165","Healthy"
"17166","Healthy"
"17167","Healthy"
"17168","Healthy"
"17169","Healthy"
"17170","Healthy"
"17171","Healthy"
"17172","Healthy"
"17173","Healthy"
"17174","Healthy"
"17175","Healthy"
"17176","Healthy"
"17177","Healthy"
"17178","Healthy"
"17179","Healthy"
"17180","Healthy"
"17181","Healthy"
"17182","Healthy"
"17183","Healthy"
"17184","Healthy"
"17185","Healthy"
"17186","Healthy"
"17187","Healthy"
"17188","Healthy"
"17189","Healthy"
"17190","Healthy"
"17191","Healthy"
"17192","Healthy"
"17193","Healthy"
"17194","Healthy"
"17195","Healthy"
"17196","Healthy"
"17197","Healthy"
"17198","Healthy"
"17199","Healthy"
"17200","Healthy"
"17251","Healthy"
"17252","Healthy"
"17253","Healthy"
"17254","Healthy"
"17255","Healthy"
"17256","Healthy"
"17257","Healthy"
"17258","Healthy"
"17259","Healthy"
"17260","Healthy"
"17261","Healthy"
"17262","Healthy"
"17263","Healthy"
"17264","Healthy"
"17265","Healthy"
"17266","Healthy"
"17267","Healthy"
"17268","Healthy"
"17269","Healthy"
"17270","Healthy"
"17271","Healthy"
"17272","Healthy"
"17273","Healthy"
"17274","Healthy"
"17275","Healthy"
"17276","Healthy"
"17277","Healthy"
"17278","Healthy"
"17279","Healthy"
"17280","Healthy"
"17281","Healthy"
"17282","Healthy"
"17283","Healthy"
"17284","Healthy"
"17285","Healthy"
"17286","Healthy"
"17287","Healthy"
"17288","Healthy"
"17289","Healthy"
"17290","Healthy"
"17291","Healthy"
"17292","Healthy"
"17293","Healthy"
"17294","Healthy"
"17295","Healthy"
"17296","Healthy"
"17297","Healthy"
"17298","Healthy"
"17299","Healthy"
"17300","Healthy"
"17351","Healthy"
"17352","Healthy"
"17353","Healthy"
"17354","Healthy"
"17355","Healthy"
"17356","Healthy"
"17357","Healthy"
"17358","Healthy"
"17359","Healthy"
"17360","Healthy"
"17361","Healthy"
"17362","Healthy"
"17363","Healthy"
"17364","Healthy"
"17365","Healthy"
"17366","Healthy"
"17367","Healthy"
"17368","Healthy"
"17369","Healthy"
"17370","Healthy"
"17371","Healthy"
"17372","Healthy"
"17373","Healthy"
"17374","Healthy"
"17375","Healthy"
"17376","Healthy"
"17377","Healthy"
"17378","Healthy"
"17379","Healthy"
"17380","Healthy"
"17381","Healthy"
"17382","Healthy"
"17383","Healthy"
"17384","Healthy"
"17385","Healthy"
"17386","Healthy"
"17387","Healthy"
"17388","Healthy"
"17389","Healthy"
"17390","Healthy"
"17391","Healthy"
"17392","Healthy"
"17393","Healthy"
"17394","Healthy"
"17395","Healthy"
"17396","Healthy"
"17397","Healthy"
"17398","Healthy"
"17399","Healthy"
"17400","Healthy"
"17451","Healthy"
"17452","Healthy"
"17453","Healthy"
"17454","Healthy"
"17455","Healthy"
"17456","Healthy"
"17457","Healthy"
"17458","Healthy"
"17459","Healthy"
"17460","Healthy"
"17461","Healthy"
"17462","Healthy"
"17463","Healthy"
"17464","Healthy"
"17465","Healthy"
"17466","Healthy"
"17467","Healthy"
"17468","Healthy"
"17469","Healthy"
"17470","Healthy"
"17471","Healthy"
"17472","Healthy"
"17473","Healthy"
"17474","Healthy"
"17475","Healthy"
"17476","Healthy"
"17477","Healthy"
"17478","Healthy"
"17479","Healthy"
"17480","Healthy"
"17481","Healthy"
"17482","Healthy"
"17483","Healthy"
"17484","Healthy"
"17485","Healthy"
"17486","Healthy"
"17487","Healthy"
"17488","Healthy"
"17489","Healthy"
"17490","Healthy"
"17491","Healthy"
"17492","Healthy"
"17493","Healthy"
"17494","Healthy"
"17495","Healthy"
"17496","Healthy"
"17497","Healthy"
"17498","Healthy"
"17499","Healthy"
"17500","Healthy"
"17551","Healthy"
"17552","Healthy"
"17553","Healthy"
"17554","Healthy"
"17555","Healthy"
"17556","Healthy"
"17557","Healthy"
"17558","Healthy"
"17559","Healthy"
"17560","Healthy"
"17561","Healthy"
"17562","Healthy"
"17563","Healthy"
"17564","Healthy"
"17565","Healthy"
"17566","Healthy"
"17567","Healthy"
"17568","Healthy"
"17569","Healthy"
"17570","Healthy"
"17571","Healthy"
"17572","Healthy"
"17573","Healthy"
"17574","Healthy"
"17575","Healthy"
"17576","Healthy"
"17577","Healthy"
"17578","Healthy"
"17579","Healthy"
"17580","Healthy"
"17581","Healthy"
"17582","Healthy"
"17583","Healthy"
"17584","Healthy"
"17585","Healthy"
"17586","Healthy"
"17587","Healthy"
"17588","Healthy"
"17589","Healthy"
"17590","Healthy"
"17591","Healthy"
"17592","Healthy"
"17593","Healthy"
"17594","Healthy"
"17595","Healthy"
"17596","Healthy"
"17597","Healthy"
"17598","Healthy"
"17599","Healthy"
"17600","Healthy"
"17651","Healthy"
"17652","Healthy"
"17653","Healthy"
"17654","Healthy"
"17655","Healthy"
"17656","Healthy"
"17657","Healthy"
"17658","Healthy"
"17659","Healthy"
"17660","Healthy"
"17661","Healthy"
"17662","Healthy"
"17663","Healthy"
"17664","Healthy"
"17665","Healthy"
"17666","Healthy"
"17667","Healthy"
"17668","Healthy"
"17669","Healthy"
"17670","Healthy"
"17671","Healthy"
"17672","Healthy"
"17673","Healthy"
"17674","Healthy"
"17675","Healthy"
"17676","Healthy"
"17677","Healthy"
"17678","Healthy"
"17679","Healthy"
"17680","Healthy"
"17681","Healthy"
"17682","Healthy"
"17683","Healthy"
"17684","Healthy"
"17685","Healthy"
"17686","Healthy"
"17687","Healthy"
"17688","Healthy"
"17689","Healthy"
"17690","Healthy"
"17691","Healthy"
"17692","Healthy"
"17693","Healthy"
"17694","Healthy"
"17695","Healthy"
"17696","Healthy"
"17697","Healthy"
"17698","Healthy"
"17699","Healthy"
"17700","Healthy"
"17751","Healthy"
"17752","Healthy"
"17753","Healthy"
"17754","Healthy"
"17755","Healthy"
"17756","Healthy"
"17757","Healthy"
"17758","Healthy"
"17759","Healthy"
"17760","Healthy"
"17761","Healthy"
"17762","Healthy"
"17763","Healthy"
"17764","Healthy"
"17765","Healthy"
"17766","Healthy"
"17767","Healthy"
"17768","Healthy"
"17769","Healthy"
"17770","Healthy"
"17771","Healthy"
"17772","Healthy"
"17773","Healthy"
"17774","Healthy"
"17775","Healthy"
"17776","Healthy"
"17777","Healthy"
"17778","Healthy"
"17779","Healthy"
"17780","Healthy"
"17781","Healthy"
"17782","Healthy"
"17783","Healthy"
"17784","Healthy"
"17785","Healthy"
"17786","Healthy"
"17787","Healthy"
"17788","Healthy"
"17789","Healthy"
"17790","Healthy"
"17791","Healthy"
"17792","Healthy"
"17793","Healthy"
"17794","Healthy"
"17795","Healthy"
"17796","Healthy"
"17797","Healthy"
"17798","Healthy"
"17799","Healthy"
"17800","Healthy"
"17851","Healthy"
"17852","Healthy"
"17853","Healthy"
"17854","Healthy"
"17855","Healthy"
"17856","Healthy"
"17857","Healthy"
"17858","Healthy"
"17859","Healthy"
"17860","Healthy"
"17861","Healthy"
"17862","Healthy"
"17863","Healthy"
"17864","Healthy"
"17865","Healthy"
"17866","Healthy"
"17867","Healthy"
"17868","Healthy"
"17869","Healthy"
"17870","Healthy"
"17871","Healthy"
"17872","Healthy"
"17873","Healthy"
"17874","Healthy"
"17875","Healthy"
"17876","Healthy"
"17877","Healthy"
"17878","Healthy"
"17879","Healthy"
"17880","Healthy"
"17881","Healthy"
"17882","Healthy"
"17883","Healthy"
"17884","Healthy"
"17885","Healthy"
"17886","Healthy"
