"INFLUENCER_ID","COUNTRY_CODE"
"2651","AF"
"9051","AF"
"9052","AF"
"9053","AF"
"9054","AF"
"9055","AF"
"9056","AF"
"9057","AF"
"9058","AF"
"9059","AF"
"9060","AF"
"9061","AF"
"9062","AF"
"9063","AF"
"9064","AF"
"9065","AF"
"9066","AF"
"9067","AF"
"9068","AF"
"9069","AF"
"9070","AF"
"9071","AX"
"9072","AX"
"9073","AX"
"9074","AX"
"9075","AX"
"9076","AX"
"9077","AX"
"9078","AX"
"9079","AX"
"9080","AX"
"9081","AX"
"9082","AX"
"9083","AX"
"9084","AX"
"9054","AX"
"9085","AX"
"9086","AX"
"9087","AX"
"9088","AX"
"9089","AX"
"9090","AX"
"9091","AX"
"9092","AX"
"9093","AX"
"9094","AX"
"9095","AX"
"9096","AX"
"9097","AX"
"9098","AX"
"9099","AX"
"9100","AX"
"9151","AX"
"9152","AX"
"9153","AX"
"9154","AX"
"9155","AX"
"9059","AX"
"9156","AX"
"9157","AX"
"9158","AX"
"9159","AX"
"9061","AX"
"9062","AX"
"9064","AX"
"9065","AX"
"9160","AX"
"9067","AX"
"9068","AX"
"9161","AX"
"9162","AX"
"9070","AX"
"9163","AX"
"9164","AX"
"9165","AX"
"9166","AX"
"9167","AL"
"9168","AL"
"9169","AL"
"9170","AL"
"9171","AL"
"9172","AL"
"9173","AL"
"9174","AL"
"9175","AL"
"9176","AL"
"9177","AL"
"9053","AL"
"9178","AL"
"9179","AL"
"9180","AL"
"9181","AL"
"9182","AL"
"9183","AL"
"9184","AL"
"9185","AL"
"9186","AL"
"9187","AL"
"9058","AL"
"9188","AL"
"9189","AL"
"9051","AL"
"9190","AL"
"9191","AL"
"9192","AL"
"9056","AL"
"9193","AL"
"9057","AL"
"9194","AL"
"9195","AL"
"9196","AL"
"9197","AL"
"9198","AL"
"9054","AL"
"9199","AL"
"9200","AL"
"9251","AL"
"9069","AL"
"9070","AL"
"9252","DZ"
"9253","DZ"
"9254","DZ"
"9255","DZ"
"9256","DZ"
"9257","DZ"
"9258","DZ"
"9259","DZ"
"9260","DZ"
"9261","DZ"
"9262","DZ"
"9263","DZ"
"9264","DZ"
"9265","DZ"
"9266","DZ"
"9267","DZ"
"9268","DZ"
"9269","DZ"
"9270","DZ"
"9271","DZ"
"9272","DZ"
"9273","DZ"
"9274","DZ"
"9055","DZ"
"9275","DZ"
"9276","DZ"
"9277","DZ"
"9278","DZ"
"9279","DZ"
"9280","DZ"
"9281","DZ"
"9282","DZ"
"9283","DZ"
"9284","DZ"
"9285","DZ"
"9286","DZ"
"9287","DZ"
"9288","DZ"
"9289","DZ"
"9290","DZ"
"9291","DZ"
"9292","DZ"
"9293","DZ"
"9294","DZ"
"9295","DZ"
"9296","DZ"
"9057","DZ"
"9297","DZ"
"9298","DZ"
"9299","DZ"
"9300","DZ"
"9054","DZ"
"9351","DZ"
"9352","DZ"
"9073","DZ"
"9071","DZ"
"9353","DZ"
"9354","DZ"
"9355","DZ"
"9070","DZ"
"9356","AS"
"9357","AS"
"9358","AS"
"9359","AS"
"9360","AS"
"9361","AS"
"9362","AS"
"9075","AS"
"9363","AS"
"9364","AS"
"9365","AS"
"9366","AS"
"9367","AS"
"9368","AS"
"9369","AS"
"9370","AS"
"9371","AS"
"9372","AS"
"9373","AS"
"9374","AS"
"9375","AS"
"9376","AS"
"9377","AS"
"9378","AS"
"9379","AS"
"9380","AS"
"9381","AS"
"9382","AS"
"9383","AS"
"9384","AS"
"9385","AS"
"9386","AS"
"9387","AS"
"9388","AS"
"9389","AS"
"9055","AS"
"9390","AS"
"9391","AS"
"9392","AS"
"9393","AS"
"9394","AS"
"9395","AS"
"9396","AS"
"9397","AS"
"9398","AS"
"9399","AS"
"9400","AS"
"9451","AS"
"9452","AS"
"9453","AS"
"9454","AS"
"9455","AS"
"9456","AS"
"9457","AS"
"9458","AS"
"9459","AS"
"9460","AS"
"9461","AS"
"9462","AS"
"9463","AS"
"9464","AS"
"9465","AS"
"9054","AS"
"9466","AS"
"2651","AS"
"9467","AS"
"9468","AS"
"9469","AS"
"9470","AS"
"9471","AS"
"9472","AS"
"9473","AS"
"9474","AS"
"9475","AS"
"9476","AS"
"9477","AS"
"9478","AS"
"9479","AS"
"9480","AS"
"9481","AS"
"9482","AS"
"9483","AS"
"9484","AS"
"9485","AS"
"9486","AS"
"9487","AS"
"9488","AS"
"9489","AS"
"9490","AS"
"9491","AS"
"9492","AS"
"9493","AS"
"9494","AS"
"9495","AS"
"9496","AS"
"9497","AS"
"9498","AS"
"9499","AS"
"9500","AS"
"9551","AS"
"9552","AS"
"9553","AS"
"9554","AS"
"9555","AS"
"9556","AS"
"9557","AS"
"9558","AS"
"9559","AS"
"9560","AS"
"9561","AS"
"9562","AS"
"9563","AS"
"9564","AS"
"9565","AS"
"9566","AS"
"9567","AS"
"9568","AS"
"9569","AS"
"9570","AS"
"9571","AS"
"9572","AS"
"9573","AS"
"9574","AS"
"9575","AS"
"9062","AS"
"9576","AS"
"9577","AS"
"9578","AS"
"9068","AS"
"9579","AS"
"9580","AS"
"9581","AS"
"9582","AS"
"9064","AS"
"9583","AS"
"9059","AS"
"9584","AS"
"9585","AS"
"9586","AS"
"9587","AS"
"9588","AS"
"9067","AS"
"9589","AS"
"9590","AS"
"9591","AS"
"9592","AS"
"9593","AS"
"9061","AS"
"9594","AS"
"9595","AS"
"9596","AS"
"9597","AS"
"9598","AS"
"9599","AS"
"9065","AS"
"9600","AS"
"9069","AS"
"9070","AS"
"9651","AD"
"9652","AD"
"9653","AD"
"9654","AD"
"9655","AD"
"9656","AD"
"9657","AD"
"9658","AD"
"9659","AD"
"9660","AD"
"9661","AD"
"9662","AD"
"9663","AD"
"9664","AD"
"9665","AD"
"9666","AD"
"9261","AD"
"9054","AD"
"9667","AD"
"9668","AD"
"9669","AD"
"9670","AD"
"9671","AD"
"9672","AD"
"9673","AD"
"9674","AD"
"9675","AD"
"9676","AD"
"9677","AD"
"9678","AD"
"9679","AD"
"9680","AD"
"9681","AD"
"9682","AD"
"9683","AD"
"9684","AD"
"9685","AD"
"9686","AD"
"9687","AD"
"9688","AD"
"9689","AD"
"9069","AD"
"9690","AO"
"9691","AO"
"9692","AO"
"9693","AO"
"9694","AO"
"9695","AO"
"9696","AO"
"9697","AO"
"9057","AO"
"9698","AO"
"9699","AO"
"9700","AO"
"9751","AO"
"9752","AO"
"9753","AO"
"9754","AO"
"9755","AO"
"9054","AO"
"9756","AO"
"9757","AO"
"9075","AO"
"9069","AO"
"9758","AI"
"9759","AI"
"2651","AI"
"9760","AI"
"9761","AI"
"9762","AI"
"9763","AI"
"9764","AI"
"9765","AI"
"9766","AI"
"9767","AI"
"9768","AI"
"9055","AI"
"9054","AI"
"9769","AI"
"9770","AI"
"9771","AI"
"9772","AI"
"9773","AI"
"9774","AI"
"9775","AI"
"9776","AI"
"9354","AO"
"9355","AO"
"9059","AI"
"9061","AI"
"9062","AI"
"9064","AI"
"9065","AI"
"9067","AI"
"9068","AI"
"9069","AI"
"9354","AI"
"9355","AI"
"9777","AQ"
"9778","AQ"
"9779","AQ"
"9780","AQ"
"9781","AQ"
"9074","AQ"
"9782","AQ"
"9075","AQ"
"9783","AQ"
"9784","AQ"
"9077","AQ"
"9785","AQ"
"9078","AQ"
"9079","AQ"
"9786","AQ"
"9787","AQ"
"9081","AQ"
"9788","AQ"
"9789","AQ"
"9790","AQ"
"9791","AQ"
"9792","AQ"
"9793","AQ"
"9794","AQ"
"9795","AQ"
"9071","AQ"
"9072","AQ"
"9073","AQ"
"9796","AQ"
"9797","AQ"
"9798","AQ"
"9076","AQ"
"9799","AQ"
"9080","AQ"
"9082","AQ"
"9800","AQ"
"9084","AQ"
"9851","AQ"
"9852","AQ"
"9853","AQ"
"9854","AQ"
"9855","AQ"
"9856","AQ"
"9857","AQ"
"9054","AQ"
"9858","AQ"
"9859","AQ"
"9860","AQ"
"9861","AQ"
"9862","AQ"
"9863","AQ"
"9864","AQ"
"9865","AQ"
"9866","AQ"
"9867","AQ"
"9868","AQ"
"9774","AQ"
"9775","AQ"
"9869","AI"
"9870","AI"
"9591","AQ"
"9574","AQ"
"9580","AQ"
"9595","AQ"
"9581","AQ"
"9586","AQ"
"9871","AQ"
"9587","AQ"
"9576","AQ"
"9583","AQ"
"9872","AQ"
"9873","AQ"
"9874","AQ"
"9875","AQ"
"9876","AQ"
"9877","AQ"
"9878","AQ"
"9879","AQ"
"9880","AQ"
"9881","AQ"
"9882","AQ"
"9883","AQ"
"9069","AQ"
"9884","AQ"
"9354","AQ"
"9355","AQ"
"9885","AQ"
"9886","AQ"
"9887","AQ"
"9888","AQ"
"9889","AQ"
"9890","AQ"
"9891","AG"
"9892","AG"
"2651","AG"
"9075","AG"
"9055","AG"
"9054","AG"
"9057","AG"
"9893","AG"
"9894","AG"
"9572","AG"
"9573","AG"
"9584","AG"
"9577","AG"
"9588","AG"
"9354","AG"
"9355","AG"
"9895","AR"
"9896","AR"
"9897","AR"
"9898","AR"
"9899","AR"
"9900","AR"
"9951","AR"
"9952","AR"
"9953","AR"
"9954","AR"
"9955","AR"
"9956","AR"
"9957","AR"
"9958","AR"
"9959","AR"
"9960","AR"
"9961","AR"
"9962","AR"
"9963","AR"
"9964","AR"
"9965","AR"
"9966","AR"
"9967","AR"
"9968","AR"
"9969","AR"
"9970","AR"
"9971","AR"
"9972","AR"
"9973","AR"
"9974","AR"
"9975","AR"
"9976","AR"
"9057","AR"
"9977","AR"
"9978","AR"
"9979","AR"
"9980","AR"
"9981","AR"
"9699","AR"
"9982","AR"
"9983","AR"
"9984","AR"
"9985","AR"
"9986","AR"
"9054","AR"
"9055","AR"
"9987","AR"
"9988","AR"
"9351","AR"
"9352","AR"
"9073","AR"
"9071","AR"
"9069","AR"
"9989","AR"
"9990","AR"
"9991","AR"
"9992","AM"
"9993","AM"
"9994","AM"
"9995","AM"
"9053","AM"
"9996","AM"
"9997","AM"
"9998","AM"
"9999","AM"
"10000","AM"
"10051","AM"
"10052","AM"
"9056","AM"
"10053","AM"
"10054","AM"
"10055","AM"
"10056","AM"
"10057","AM"
"10058","AM"
"10059","AM"
"9055","AM"
"10060","AM"
"10061","AM"
"10062","AM"
"10063","AM"
"10064","AM"
"10065","AM"
"10066","AM"
"10067","AM"
"10068","AM"
"10069","AM"
"10070","AM"
"10071","AM"
"10072","AM"
"10073","AM"
"10074","AM"
"10075","AM"
"10076","AM"
"10077","AM"
"10078","AM"
"10079","AM"
"10080","AM"
"10081","AM"
"10082","AM"
"9054","AM"
"10083","AM"
"10084","AM"
"10085","AM"
"10086","AM"
"10087","AM"
"10088","AM"
"10089","AM"
"10090","AM"
"10091","AM"
"10092","AM"
"10093","AM"
"10094","AM"
"10095","AM"
"10096","AM"
"10097","AM"
"10098","AM"
"10099","AM"
"10100","AM"
"10151","AM"
"10152","AM"
"10153","AM"
"10154","AM"
"10155","AM"
"9051","AM"
"10156","AM"
"10157","AM"
"10158","AM"
"10159","AM"
"10160","AM"
"10161","AM"
"10162","AM"
"10163","AM"
"10164","AM"
"10165","AM"
"10166","AM"
"10167","AM"
"10168","AM"
"10169","AM"
"10170","AM"
"10171","AM"
"10172","AM"
"10173","AM"
"10174","AM"
"9058","AM"
"10175","AM"
"10176","AM"
"10177","AM"
"10178","AM"
"10179","AM"
"10180","AM"
"10181","AM"
"10182","AM"
"10183","AM"
"10184","AM"
"10185","AM"
"10186","AM"
"10187","AM"
"9069","AM"
"9070","AM"
"10188","AW"
"10189","AW"
"10190","AW"
"10191","AW"
"10192","AW"
"10193","AW"
"10194","AW"
"9054","AW"
"10195","AW"
"9057","AW"
"10196","AW"
"9353","AW"
"9059","AW"
"10197","AW"
"9061","AW"
"9062","AW"
"9064","AW"
"9065","AW"
"10198","AW"
"9067","AW"
"9068","AW"
"9070","AW"
"10199","AU"
"10200","AU"
"10251","AU"
"10252","AU"
"10253","AU"
"10254","AU"
"10255","AU"
"10256","AU"
"10257","AU"
"10258","AU"
"10259","AU"
"10260","AU"
"10261","AU"
"10262","AU"
"10263","AU"
"9474","AU"
"10264","AU"
"10265","AU"
"10266","AU"
"10267","AU"
"10268","AU"
"10269","AU"
"10270","AU"
"10271","AU"
"10272","AU"
"10273","AU"
"10274","AU"
"10275","AU"
"10276","AU"
"10277","AU"
"10278","AU"
"10279","AU"
"10280","AU"
"10281","AU"
"9863","AU"
"10282","AU"
"10283","AU"
"10284","AU"
"10285","AU"
"10286","AU"
"9055","AU"
"10287","AU"
"10288","AU"
"10289","AU"
"10290","AU"
"10291","AU"
"10292","AU"
"10293","AU"
"10294","AU"
"9964","AU"
"10295","AU"
"10296","AU"
"10297","AU"
"10298","AU"
"10299","AU"
"10300","AU"
"10351","AU"
"10352","AU"
"10353","AU"
"10354","AU"
"10355","AU"
"10356","AU"
"10357","AU"
"10358","AU"
"10359","AU"
"10360","AU"
"10361","AU"
"10362","AU"
"9054","AU"
"10363","AU"
"10364","AU"
"10365","AU"
"10366","AU"
"10367","AU"
"10368","AU"
"10369","AU"
"10370","AU"
"10371","AU"
"10372","AU"
"10373","AU"
"10374","AU"
"10375","AU"
"10376","AU"
"10377","AU"
"10378","AU"
"10379","AU"
"10380","AU"
"10381","AU"
"10382","AU"
"10383","AU"
"10384","AU"
"10385","AU"
"10386","AU"
"10387","AU"
"10388","AU"
"10389","AU"
"10390","AU"
"10391","AU"
"10392","AU"
"10393","AU"
"10394","AU"
"10395","AU"
"10396","AU"
"10397","AU"
"10398","AU"
"10399","AU"
"10400","AU"
"10451","AU"
"10452","AU"
"10453","AU"
"10454","AU"
"10455","AU"
"10456","AU"
"10457","AU"
"10458","AU"
"10459","AU"
"10460","AU"
"10461","AU"
"10462","AU"
"10463","AU"
"10464","AT"
"10465","AT"
"10466","AT"
"10467","AT"
"10468","AT"
"10469","AT"
"10470","AT"
"10471","AT"
"10472","AT"
"10473","AT"
"10474","AT"
"10475","AT"
"10476","AT"
"10477","AT"
"10478","AT"
"10479","AT"
"10480","AT"
"10481","AT"
"10482","AT"
"10483","AT"
"9699","AT"
"10484","AT"
"10485","AT"
"10486","AT"
"9055","AT"
"10487","AT"
"10488","AT"
"10489","AT"
"10490","AT"
"10491","AT"
"10492","AT"
"10493","AT"
"10494","AT"
"10495","AT"
"10496","AT"
"10497","AT"
"9964","AT"
"10498","AT"
"10499","AT"
"10500","AT"
"10551","AT"
"10552","AT"
"10553","AT"
"10554","AT"
"10555","AT"
"9057","AT"
"10556","AT"
"10557","AT"
"10558","AT"
"10559","AT"
"10560","AT"
"9054","AT"
"10561","AT"
"10562","AT"
"10563","AT"
"10564","AT"
"9070","AT"
"10565","AT"
"9165","AT"
"10566","AZ"
"10567","AZ"
"10568","AZ"
"10569","AZ"
"10570","AZ"
"10571","AZ"
"10572","AZ"
"10573","AZ"
"10574","AZ"
"10575","AZ"
"10576","AZ"
"10577","AZ"
"10578","AZ"
"10579","AZ"
"10580","AZ"
"10581","AZ"
"10582","AZ"
"10583","AZ"
"10584","AZ"
"10585","AZ"
"10586","AZ"
"9055","AZ"
"10587","AZ"
"10588","AZ"
"10589","AZ"
"10590","AZ"
"10591","AZ"
"10592","AZ"
"10593","AZ"
"10594","AZ"
"10595","AZ"
"10596","AZ"
"10597","AZ"
"10598","AZ"
"10599","AZ"
"10600","AZ"
"10651","AZ"
"10652","AZ"
"10653","AZ"
"10654","AZ"
"10655","AZ"
"10656","AZ"
"10657","AZ"
"10658","AZ"
"10659","AZ"
"10660","AZ"
"10661","AZ"
"10662","AZ"
"10663","AZ"
"10664","AZ"
"10665","AZ"
"9054","AZ"
"9059","AZ"
"9353","AZ"
"10185","AZ"
"9061","AZ"
"9062","AZ"
"9064","AZ"
"9065","AZ"
"9067","AZ"
"9068","AZ"
"9070","AZ"
"10666","BS"
"10667","BS"
"10668","BS"
"10669","BS"
"10670","BS"
"10671","BS"
"10672","BS"
"10673","BS"
"10674","BS"
"10675","BS"
"10676","BS"
"10677","BS"
"10678","BS"
"10679","BS"
"10680","BS"
"10681","BS"
"9057","BS"
"10682","BS"
"10683","BS"
"10684","BS"
"10685","BS"
"10686","BS"
"10687","BS"
"10688","BS"
"10689","BS"
"9054","BS"
"10690","BS"
"10562","BS"
"10365","BS"
"10366","BS"
"10367","BS"
"10368","BS"
"10691","BS"
"9059","BS"
"10692","BS"
"10693","BS"
"10694","BS"
"9062","BS"
"9067","BS"
"9068","BS"
"10695","BS"
"9061","BS"
"10696","BS"
"9064","BS"
"9065","BS"
"10456","BS"
"9069","BS"
"10458","BS"
"10697","BH"
"10698","BH"
"10699","BH"
"10700","BH"
"10751","BH"
"10752","BH"
"10753","BH"
"10754","BH"
"10755","BH"
"10756","BH"
"10757","BH"
"10758","BH"
"10759","BH"
"10760","BH"
"10761","BH"
"10762","BH"
"10763","BH"
"9261","BH"
"10764","BH"
"10765","BH"
"10766","BH"
"10767","BH"
"10768","BH"
"10769","BH"
"10770","BH"
"10771","BH"
"10772","BH"
"10773","BH"
"10774","BH"
"9699","BH"
"10775","BH"
"10776","BH"
"10777","BH"
"10778","BH"
"10779","BH"
"10780","BH"
"10781","BH"
"10782","BH"
"10783","BH"
"10784","BH"
"10785","BH"
"10786","BH"
"10787","BH"
"10788","BH"
"10789","BH"
"10790","BH"
"10791","BH"
"10792","BH"
"10793","BH"
"10794","BH"
"10795","BH"
"10796","BH"
"10797","BH"
"10798","BH"
"10799","BH"
"10800","BH"
"10851","BH"
"10852","BH"
"10853","BH"
"10854","BH"
"10855","BH"
"10856","BH"
"10857","BH"
"10858","BH"
"10859","BH"
"10860","BH"
"10861","BH"
"10862","BH"
"10863","BH"
"10864","BH"
"10865","BH"
"10866","BH"
"9057","BH"
"10867","BH"
"10868","BH"
"10869","BH"
"10870","BH"
"10871","BH"
"10872","BH"
"10873","BH"
"10874","BH"
"10875","BH"
"9054","BH"
"10876","BH"
"9059","BH"
"9353","BH"
"9061","BH"
"9062","BH"
"10877","BH"
"10878","BH"
"9064","BH"
"9065","BH"
"9067","BH"
"9068","BH"
"9070","BH"
"10879","BD"
"10880","BD"
"10881","BD"
"10882","BD"
"10883","BD"
"9174","BD"
"10884","BD"
"10885","BD"
"10886","BD"
"10887","BD"
"10888","BD"
"10889","BD"
"10890","BD"
"10891","BD"
"10892","BD"
"10893","BD"
"9057","BD"
"10894","BD"
"10895","BD"
"10896","BD"
"10897","BD"
"10898","BD"
"10899","BD"
"10900","BD"
"10951","BD"
"10952","BD"
"9054","BD"
"9055","BD"
"10953","BD"
"10954","BD"
"10955","BD"
"10956","BD"
"10957","BD"
"9070","BD"
"9054","BB"
"9057","BB"
"9200","BB"
"10958","BH"
"10959","BH"
"9059","BB"
"10691","BB"
"10960","BB"
"10693","BB"
"10694","BB"
"9062","BB"
"10961","BB"
"10962","BB"
"10963","BB"
"9067","BB"
"9068","BB"
"10695","BB"
"9061","BB"
"9064","BB"
"9065","BB"
"9069","BB"
"9070","BB"
"10964","BY"
"10965","BY"
"10966","BY"
"10967","BY"
"10968","BY"
"10969","BY"
"10970","BY"
"10971","BY"
"10972","BY"
"10973","BY"
"10974","BY"
"10975","BY"
"10976","BY"
"10977","BY"
"10978","BY"
"10979","BY"
"10980","BY"
"10981","BY"
"10982","BY"
"10983","BY"
"10984","BY"
"10985","BY"
"9057","BY"
"10986","BY"
"10987","BY"
"10988","BY"
"10989","BY"
"9054","BY"
"9055","BY"
"10990","BY"
"10991","BY"
"9200","BY"
"9353","BY"
"9671","BY"
"9062","BY"
"10992","BY"
"9677","BY"
"9678","BY"
"9068","BY"
"9681","BY"
"9682","BY"
"9684","BY"
"10993","BY"
"9686","BY"
"9064","BY"
"9687","BY"
"9059","BY"
"10994","BY"
"9672","BY"
"9673","BY"
"9674","BY"
"9675","BY"
"9676","BY"
"9679","BY"
"9067","BY"
"9680","BY"
"9683","BY"
"9061","BY"
"9685","BY"
"10995","BY"
"10996","BY"
"9065","BY"
"9688","BY"
"9070","BY"
"10997","BE"
"10998","BE"
"10999","BE"
"11000","BE"
"11051","BE"
"11052","BE"
"11053","BE"
"11054","BE"
"11055","BE"
"11056","BE"
"11057","BE"
"11058","BE"
"11059","BE"
"11060","BE"
"11061","BE"
"11062","BE"
"11063","BE"
"11064","BE"
"11065","BE"
"11066","BE"
"11067","BE"
"11068","BE"
"11069","BE"
"11070","BE"
"11071","BE"
"11072","BE"
"11073","BE"
"11074","BE"
"11075","BE"
"11076","BE"
"11077","BE"
"11078","BE"
"9964","BE"
"11079","BE"
"11080","BE"
"11081","BE"
"11082","BE"
"11083","BE"
"11084","BE"
"11085","BE"
"11086","BE"
"9057","BE"
"11087","BE"
"11088","BE"
"11089","BE"
"11090","BE"
"11091","BE"
"11092","BE"
"11093","BE"
"9054","BE"
"11094","BE"
"11095","BE"
"10562","BE"
"9200","BE"
"11096","BE"
"11097","BE"
"11098","BE"
"11099","BE"
"11100","BE"
"11151","BE"
"11152","BE"
"11153","BE"
"11154","BE"
"11155","BE"
"11156","BE"
"11157","BE"
"11158","BE"
"11159","BE"
"11160","BE"
"11161","BE"
"11162","BE"
"11163","BE"
"11164","BE"
"11165","BE"
"11166","BE"
"11167","BE"
"11168","BE"
"11169","BE"
"11170","BE"
"11171","BE"
"11172","BE"
"11173","BE"
"11174","BE"
"11175","BE"
"11176","BE"
"11177","BE"
"11178","BE"
"11179","BE"
"11180","BE"
"11181","BE"
"11182","BE"
"11183","BE"
"11184","BE"
"11185","BE"
"11186","BE"
"11187","BE"
"11188","BE"
"11189","BE"
"11190","BE"
"11191","BE"
"9070","BE"
"11192","BE"
"11193","BZ"
"2651","BZ"
"11194","BZ"
"9054","BZ"
"9057","BZ"
"9671","BZ"
"9571","BZ"
"9575","BZ"
"9062","BZ"
"9677","BZ"
"9678","BZ"
"9578","BZ"
"9068","BZ"
"9681","BZ"
"9682","BZ"
"9579","BZ"
"9684","BZ"
"9686","BZ"
"9582","BZ"
"9064","BZ"
"9687","BZ"
"9059","BZ"
"9672","BZ"
"9673","BZ"
"9674","BZ"
"9675","BZ"
"9585","BZ"
"9676","BZ"
"9679","BZ"
"9067","BZ"
"9589","BZ"
"9590","BZ"
"9680","BZ"
"9592","BZ"
"9683","BZ"
"9593","BZ"
"9061","BZ"
"9594","BZ"
"9685","BZ"
"9596","BZ"
"9597","BZ"
"9598","BZ"
"9599","BZ"
"9065","BZ"
"9688","BZ"
"9689","BZ"
"9600","BZ"
"9069","BZ"
"9070","BZ"
"11195","BJ"
"11196","BJ"
"11197","BJ"
"11198","BJ"
"9075","BJ"
"9054","BJ"
"9057","BJ"
"11199","BJ"
"9351","BJ"
"9352","BJ"
"9073","BJ"
"9071","BJ"
"10365","BJ"
"10366","BJ"
"10367","BJ"
"10368","BJ"
"9353","BJ"
"9156","BJ"
"9157","BJ"
"9158","BJ"
"9159","BJ"
"9160","BJ"
"11200","BJ"
"11251","BM"
"11252","BM"
"11253","BM"
"11254","BM"
"11255","BM"
"11256","BM"
"11257","BM"
"11258","BM"
"11259","BM"
"11260","BM"
"9057","BM"
"11261","BM"
"9699","BM"
"11262","BM"
"11263","BM"
"11264","BM"
"9054","BM"
"11265","BM"
"11266","BM"
"10562","BM"
"11267","BM"
"9059","BM"
"11268","BM"
"9061","BM"
"9062","BM"
"9596","BM"
"9064","BM"
"9065","BM"
"9067","BM"
"9068","BM"
"9069","BM"
"9070","BM"
"9051","BT"
"9053","BT"
"9056","BT"
"9054","BT"
"9055","BT"
"9058","BT"
"9069","BT"
"9070","BT"
"10677","BT"
"11269","BO"
"11270","BO"
"11271","BO"
"11272","BO"
"11273","BO"
"11274","BO"
"11275","BO"
"11276","BO"
"11277","BO"
"11278","BO"
"11279","BO"
"11280","BO"
"11281","BO"
"11282","BO"
"11283","BO"
"11284","BO"
"11285","BO"
"11286","BO"
"11287","BO"
"11288","BO"
"11289","BO"
"11290","BO"
"11291","BO"
"11292","BO"
"11293","BO"
"11294","BO"
"11295","BO"
"11296","BO"
"11297","BO"
"11298","BO"
"11299","BO"
"11300","BO"
"11351","BO"
"11352","BO"
"11353","BO"
"11354","BO"
"11355","BO"
"11356","BO"
"11357","BO"
"9057","BO"
"11358","BO"
"11359","BO"
"11360","BO"
"10689","BO"
"11361","BO"
"9054","BO"
"11362","BO"
"10691","BO"
"9156","BO"
"9572","BO"
"9573","BO"
"9158","BO"
"9584","BO"
"10694","BO"
"11363","BO"
"9577","BO"
"9588","BO"
"9157","BO"
"9159","BO"
"11364","BO"
"9160","BO"
"9070","BO"
"11365","BO"
"11270","BQ"
"11271","BQ"
"11290","BQ"
"11366","BQ"
"11273","BQ"
"11367","BQ"
"11277","BQ"
"11368","BQ"
"11369","BQ"
"11370","BQ"
"11371","BQ"
"11372","BQ"
"11279","BQ"
"11373","BQ"
"11374","BQ"
"11375","BQ"
"11376","BQ"
"11377","BQ"
"11292","BQ"
"11285","BQ"
"11378","BQ"
"11357","BQ"
"11379","BQ"
"9777","BQ"
"11380","BQ"
"11381","BQ"
"11382","BQ"
"11383","BQ"
"11384","BQ"
"11360","BQ"
"11295","BQ"
"9059","BQ"
"9156","BQ"
"9158","BQ"
"9062","BQ"
"11385","BQ"
"9067","BQ"
"9068","BQ"
"9157","BQ"
"9159","BQ"
"9061","BQ"
"9064","BQ"
"9065","BQ"
"9160","BQ"
"9070","BQ"
"11386","BA"
"2651","BA"
"11387","BA"
"11388","BA"
"11389","BA"
"11390","BA"
"11391","BA"
"11392","BA"
"11393","BA"
"11394","BA"
"9174","BA"
"11395","BA"
"11396","BA"
"11397","BA"
"11398","BA"
"11399","BA"
"11400","BA"
"11451","BA"
"11452","BA"
"9057","BA"
"11453","BA"
"11454","BA"
"11455","BA"
"11456","BA"
"11457","BA"
"11458","BA"
"11459","BA"
"11460","BA"
"11461","BA"
"11462","BA"
"11463","BA"
"9054","BA"
"9055","BA"
"9200","BA"
"9353","BA"
"10691","BA"
"9156","BA"
"9157","BA"
"9158","BA"
"9159","BA"
"10695","BA"
"10693","BA"
"10694","BA"
"9160","BA"
"10564","BA"
"9070","BA"
"10565","BA"
"9165","BA"
"11464","BW"
"11465","BW"
"11466","BW"
"11467","BW"
"11468","BW"
"11469","BW"
"11470","BW"
"11471","BW"
"9174","BW"
"11472","BW"
"11473","BW"
"11474","BW"
"11475","BW"
"11476","BW"
"11477","BW"
"11478","BW"
"11479","BW"
"11480","BW"
"11481","BW"
"11482","BW"
"11483","BW"
"11484","BW"
"11485","BW"
"11486","BW"
"11487","BW"
"11488","BW"
"11489","BW"
"11490","BW"
"9057","BW"
"11491","BW"
"9699","BW"
"11492","BW"
"11493","BW"
"11494","BW"
"11495","BW"
"11496","BW"
"11497","BW"
"11498","BW"
"11499","BW"
"11500","BW"
"9054","BW"
"9200","BW"
"9353","BW"
"9059","BW"
"11551","BW"
"9062","BW"
"9067","BW"
"9068","BW"
"11552","BW"
"9061","BW"
"9064","BW"
"9065","BW"
"9070","BW"
"11553","BV"
"11270","BV"
"11271","BV"
"11290","BV"
"11292","BV"
"11285","BV"
"9075","BV"
"11273","BV"
"11357","BV"
"11279","BV"
"11277","BV"
"11360","BV"
"10689","BV"
"9054","BV"
"9055","BV"
"11295","BV"
"9774","BV"
"9775","BV"
"9059","BV"
"9156","BV"
"9572","BV"
"9573","BV"
"9158","BV"
"9584","BV"
"10960","BV"
"9062","BV"
"9577","BV"
"9588","BV"
"9067","BV"
"9068","BV"
"9157","BV"
"9159","BV"
"9061","BV"
"9064","BV"
"9065","BV"
"9160","BV"
"11554","BA"
"11555","BR"
"11556","BR"
"11557","BR"
"11558","BR"
"11559","BR"
"11560","BR"
"11561","BR"
"9699","BR"
"11562","BR"
"9964","BR"
"11563","BR"
"9853","BR"
"9055","BR"
"9054","BR"
"11564","BR"
"11565","BR"
"11566","BR"
"9099","BR"
"11567","BR"
"11568","BR"
"11569","BR"
"11570","BR"
"11571","BR"
"11572","BR"
"9154","BR"
"11573","BR"
"11574","BR"
"11575","BR"
"11576","BR"
"9152","BR"
"11577","BR"
"11578","BR"
"11579","BR"
"11580","BR"
"9070","BR"
"11581","BR"
"11582","BR"
"11583","BR"
"11584","BR"
"11585","IO"
"11586","IO"
"11587","IO"
"11270","IO"
"11271","IO"
"11588","IO"
"11589","IO"
"11590","IO"
"9075","IO"
"11273","IO"
"11591","IO"
"11277","IO"
"10581","IO"
"10589","IO"
"10659","IO"
"11279","IO"
"11592","IO"
"11593","IO"
"11594","IO"
"10652","IO"
"11595","IO"
"11375","IO"
"11596","IO"
"10577","IO"
"11597","IO"
"11285","IO"
"11598","IO"
"9699","IO"
"11290","IO"
"11599","IO"
"11292","IO"
"11600","IO"
"11295","IO"
"11651","IO"
"10597","IO"
"11652","BV"
"10651","IO"
"11653","IO"
"10566","IO"
"11654","IO"
"11655","IO"
"11656","BV"
"11657","IO"
"11658","BV"
"10580","IO"
"11659","IO"
"11357","IO"
"11660","IO"
"10587","IO"
"11661","IO"
"11360","IO"
"11662","IO"
"11663","IO"
"9054","IO"
"10568","IO"
"11664","IO"
"9574","IO"
"9586","IO"
"9587","IO"
"9576","IO"
"11665","IO"
"11666","IO"
"9591","IO"
"9580","IO"
"9595","IO"
"9581","IO"
"11667","IO"
"9583","IO"
"11668","IO"
"11669","BN"
"11670","BN"
"11671","BN"
"9699","BN"
"11672","BN"
"11673","BN"
"9054","BN"
"11674","BN"
"9057","BN"
"9774","BN"
"9775","BN"
"9156","BN"
"9571","BN"
"9572","BN"
"9573","BN"
"9158","BN"
"10960","BN"
"9575","BN"
"9062","BN"
"9577","BN"
"9578","BN"
"9068","BN"
"9157","BN"
"9159","BN"
"9579","BN"
"9582","BN"
"9064","BN"
"9160","BN"
"9059","BN"
"9584","BN"
"9585","BN"
"9588","BN"
"9067","BN"
"9589","BN"
"9590","BN"
"9592","BN"
"9593","BN"
"9061","BN"
"9594","BN"
"9596","BN"
"9597","BN"
"9598","BN"
"9599","BN"
"9065","BN"
"9600","BN"
"9070","BN"
"11675","BG"
"11676","BG"
"11677","BG"
"11678","BG"
"11679","BG"
"11680","BG"
"11681","BG"
"11682","BG"
"11683","BG"
"9174","BG"
"11684","BG"
"11685","BG"
"11686","BG"
"11687","BG"
"9261","BG"
"11688","BG"
"11689","BG"
"11690","BG"
"11691","BG"
"11692","BG"
"11693","BG"
"11694","BG"
"11695","BG"
"11696","BG"
"11697","BG"
"11698","BG"
"11699","BG"
"11700","BG"
"11751","BG"
"11752","BG"
"11753","BG"
"11754","BG"
"11755","BG"
"11756","BG"
"11757","BG"
"9699","BG"
"11758","BG"
"11759","BG"
"11760","BG"
"11761","BG"
"9055","BG"
"11762","BG"
"11763","BG"
"11764","BG"
"11765","BG"
"11766","BG"
"11767","BG"
"11768","BG"
"11769","BG"
"11770","BG"
"11771","BG"
"11772","BG"
"11773","BG"
"11774","BG"
"11775","BG"
"11776","BG"
"11777","BG"
"11778","BG"
"11779","BG"
"11780","BG"
"11781","BG"
"11782","BG"
"11783","BG"
"11784","BG"
"11785","BG"
"11786","BG"
"11787","BG"
"11788","BG"
"9057","BG"
"11789","BG"
"11790","BG"
"11791","BG"
"11792","BG"
"11793","BG"
"11794","BG"
"11795","BG"
"9054","BG"
"10365","BG"
"10366","BG"
"9200","BG"
"10367","BG"
"10368","BG"
"9059","BG"
"9061","BG"
"9062","BG"
"9064","BG"
"9065","BG"
"9067","BG"
"9068","BG"
"9069","BG"
"9070","BG"
"11796","BF"
"11797","BF"
"2651","BF"
"11798","BF"
"11799","BF"
"9075","BF"
"11800","BF"
"11851","BF"
"11852","BF"
"11853","BF"
"11854","BF"
"11855","BF"
"11856","BF"
"9261","BF"
"11857","BF"
"11858","BF"
"11859","BF"
"11860","BF"
"11861","BF"
"11862","BF"
"9057","BF"
"11863","BF"
"11864","BF"
"11865","BF"
"9054","BF"
"9055","BF"
"11866","BF"
"11867","BF"
"11868","BF"
"11869","BF"
"9351","BF"
"9352","BF"
"9073","BF"
"9071","BF"
"9070","BF"
"2651","BI"
"9075","BI"
"11853","BI"
"9054","BI"
"9351","BI"
"9352","BI"
"9073","BI"
"9071","BI"
"9098","BI"
"10366","BI"
"9099","BI"
"9774","BI"
"9151","BI"
"9775","BI"
"9153","BI"
"9154","BI"
"9097","BI"
"10365","BI"
"9100","BI"
"9152","BI"
"10367","BI"
"10368","BI"
"9156","BI"
"9157","BI"
"9158","BI"
"9159","BI"
"9160","BI"
"9069","BI"
"9070","BI"
"10677","BI"
"11870","KH"
"11871","KH"
"11872","KH"
"11873","KH"
"11874","KH"
"11875","KH"
"9866","KH"
"11876","KH"
"11877","KH"
"11878","KH"
"11879","KH"
"11880","KH"
"11881","KH"
"11882","KH"
"11883","KH"
"9261","KH"
"11884","KH"
"9556","KH"
"11885","KH"
"11886","KH"
"11887","KH"
"11888","KH"
"11889","KH"
"11890","KH"
"11891","KH"
"11892","KH"
"11893","KH"
"11894","KH"
"9055","KH"
"9461","KH"
"11895","KH"
"11896","KH"
"11897","KH"
"11898","KH"
"11899","KH"
"11900","KH"
"11951","KH"
"11952","KH"
"11953","KH"
"11954","KH"
"11955","KH"
"11956","KH"
"11957","KH"
"11958","KH"
"11959","KH"
"11960","KH"
"11961","KH"
"11962","KH"
"11963","KH"
"11964","KH"
"11965","KH"
"11966","KH"
"11967","KH"
"11968","KH"
"11969","KH"
"11970","KH"
"11971","KH"
"11972","KH"
"11973","KH"
"11974","KH"
"11975","KH"
"11976","KH"
"11977","KH"
"11978","KH"
"11979","KH"
"9057","KH"
"11980","KH"
"11981","KH"
"11982","KH"
"11983","KH"
"11984","KH"
"11985","KH"
"11986","KH"
"11987","KH"
"11988","KH"
"11989","KH"
"11990","KH"
"11991","KH"
"11992","KH"
"11993","KH"
"9054","KH"
"11994","KH"
"11995","KH"
"9059","KH"
"9156","KH"
"9158","KH"
"9062","KH"
"11996","KH"
"9067","KH"
"9068","KH"
"9157","KH"
"9596","KH"
"9159","KH"
"9061","KH"
"11997","KH"
"11998","KH"
"9064","KH"
"9065","KH"
"9160","KH"
"9069","KH"
"11999","KH"
"12000","CM"
"9075","CM"
"12051","CM"
"12052","CM"
"12053","CM"
"12054","CM"
"12055","CM"
"12056","CM"
"12057","CM"
"12058","CM"
"12059","CM"
"12060","CM"
"12061","CM"
"12062","CM"
"12063","CM"
"12064","CM"
"12065","CM"
"12066","CM"
"12067","CM"
"9057","CM"
"12068","CM"
"12069","CM"
"12070","CM"
"12071","CM"
"12072","CM"
"10689","CM"
"12073","CM"
"12074","CM"
"9055","CM"
"12075","CM"
"9054","CM"
"12076","CM"
"12077","CM"
"9769","CM"
"9770","CM"
"9771","CM"
"9772","CM"
"9773","CM"
"9776","CM"
"9059","CM"
"12078","CM"
"12079","CM"
"9061","CM"
"9062","CM"
"9064","CM"
"9065","CM"
"9067","CM"
"9068","CM"
"10677","BF"
"9069","CM"
"9070","CM"
"12080","CA"
"12081","CA"
"12082","CA"
"12083","CA"
"12084","CA"
"12085","CA"
"12086","CA"
"12087","CA"
"12088","CA"
"12089","CA"
"12090","CA"
"12091","CA"
"12092","CA"
"12093","CA"
"12094","CA"
"12095","CA"
"12096","CA"
"12097","CA"
"12098","CA"
"12099","CA"
"12100","CA"
"12151","CA"
"12152","CA"
"12153","CA"
"12154","CA"
"12155","CA"
"12156","CA"
"12157","CA"
"12158","CA"
"12159","CA"
"12160","CA"
"12161","CA"
"12162","CA"
"12163","CA"
"12164","CA"
"12165","CA"
"12166","CA"
"12167","CA"
"9055","CA"
"12168","CA"
"12169","CA"
"12170","CA"
"12171","CA"
"12172","CA"
"12173","CA"
"12174","CA"
"12175","CA"
"12176","CA"
"12177","CA"
"12178","CA"
"12179","CA"
"12180","CA"
"12181","CA"
"12182","CA"
"12183","CA"
"12184","CA"
"12185","CA"
"12186","CA"
"12187","CA"
"12188","CA"
"12189","CA"
"12190","CA"
"9964","CA"
"12191","CA"
"12192","CA"
"10363","CA"
"12193","CA"
"12194","CA"
"12195","CA"
"12196","CA"
"12197","CA"
"12198","CA"
"12199","CA"
"12200","CA"
"12251","CA"
"12252","CA"
"9054","CA"
"12253","BI"
"9860","CA"
"9861","CA"
"9862","CA"
"9085","CA"
"9863","CA"
"9087","CA"
"9864","CA"
"9093","CA"
"9095","CA"
"9096","CA"
"9086","CA"
"9865","CA"
"9866","CA"
"9088","CA"
"9089","CA"
"9090","CA"
"9091","CA"
"9092","CA"
"9094","CA"
"9867","CA"
"9868","CA"
"12254","CA"
"12255","CA"
"12256","CA"
"12257","CA"
"12258","CA"
"12259","CA"
"12260","CA"
"12261","CA"
"12262","CA"
"12263","CA"
"12264","CA"
"12265","CA"
"12266","CA"
"12267","CA"
"12268","CA"
"12269","CA"
"12270","CA"
"12271","CA"
"12272","CA"
"12273","CA"
"12274","CA"
"12275","CA"
"12276","CA"
"12277","CA"
"12278","CA"
"12279","CA"
"12280","CA"
"12281","CA"
"12282","CA"
"12283","CA"
"12284","CA"
"12285","CA"
"9579","CA"
"12286","CA"
"12287","CA"
"9582","CA"
"12288","CA"
"12289","CA"
"12290","CA"
"12291","CA"
"12292","CA"
"12293","CA"
"12294","CA"
"12295","CA"
"12296","CA"
"12297","CA"
"12298","CA"
"12299","CA"
"12300","CA"
"12351","CA"
"12352","CA"
"12353","CA"
"12354","CA"
"12355","CA"
"12356","CA"
"12357","CA"
"12358","CA"
"12359","CA"
"9599","CA"
"12360","CA"
"12361","CA"
"12362","CA"
"12363","CA"
"12364","CA"
"12365","CA"
"12366","CA"
"9575","CA"
"12367","CA"
"12368","CA"
"12369","CA"
"12370","CA"
"12371","CA"
"12372","CA"
"12373","CA"
"12374","CA"
"12375","CA"
"12376","CA"
"12377","CA"
"12378","CA"
"12379","CA"
"12380","CA"
"12381","CA"
"12382","CA"
"12383","CA"
"12384","CA"
"12385","CA"
"12386","CA"
"12387","CA"
"12388","CA"
"12389","CA"
"12390","CA"
"12391","CA"
"12392","CA"
"12393","CA"
"12394","CA"
"12395","CA"
"12396","CA"
"12397","CA"
"9596","CA"
"9597","CA"
"9598","CA"
"12398","CA"
"12399","CA"
"12400","CA"
"12451","CA"
"12452","CA"
"12453","CA"
"12454","CA"
"12455","CA"
"12456","CA"
"12457","CA"
"12458","CA"
"12459","CA"
"12460","CA"
"12461","CA"
"12462","CA"
"12463","CA"
"12464","CA"
"12465","CA"
"12466","CA"
"12467","CA"
"12468","CA"
"12469","CA"
"12470","CA"
"12471","CA"
"12472","CA"
"12473","CA"
"12474","CA"
"12475","CA"
"9585","CA"
"12476","CA"
"12477","CA"
"12478","CA"
"12479","CA"
"9589","CA"
"12480","CA"
"9590","CA"
"12481","CA"
"12482","CA"
"12483","CA"
"12484","CA"
"12485","CA"
"12486","CA"
"12487","CA"
"9594","CA"
"12488","CA"
"12489","CA"
"9353","CA"
"12490","CA"
"12491","CA"
"12492","CA"
"12493","CA"
"9571","CA"
"12494","CA"
"12495","CA"
"12496","CA"
"9578","CA"
"12497","CA"
"12498","CA"
"12499","CA"
"12500","CA"
"12551","CA"
"12552","CA"
"12553","CA"
"12554","CA"
"12555","CA"
"12556","CA"
"12557","CA"
"12558","CA"
"12559","CA"
"12560","CA"
"12561","CA"
"12562","CA"
"12563","CA"
"12564","CA"
"12565","CA"
"12566","CA"
"12567","CA"
"9592","CA"
"12568","CA"
"9593","CA"
"12569","CA"
"12570","CA"
"12571","CA"
"12572","CA"
"12573","CA"
"12574","CA"
"12575","CA"
"12576","CA"
"12577","CA"
"12578","CA"
"12579","CA"
"12580","CA"
"12581","CA"
"12582","CA"
"12583","CA"
"9600","CA"
"12584","CA"
"9354","CA"
"10458","CA"
"12585","CA"
"12586","CA"
"12587","CA"
"12588","CA"
"10456","CA"
"9355","CA"
"12589","CA"
"12590","CA"
"12591","CA"
"12592","CA"
"12593","CA"
"12594","CV"
"12595","CV"
"12596","CV"
"12597","CV"
"12598","CV"
"12599","CV"
"12600","CV"
"12651","CV"
"12652","CV"
"12653","CV"
"12654","CV"
"12655","CV"
"12656","CV"
"12657","CV"
"9261","CV"
"12658","CV"
"12659","CV"
"12660","CV"
"12661","CV"
"9568","CV"
"12662","CV"
"12663","CV"
"12664","CV"
"9057","CV"
"12665","CV"
"12666","CV"
"12667","CV"
"9055","CV"
"9054","CV"
"12668","CV"
"12669","CV"
"12670","CV"
"12671","CV"
"9774","CV"
"9775","CV"
"9572","CV"
"9573","CV"
"9584","CV"
"9574","CV"
"10960","CV"
"9586","CV"
"9587","CV"
"9576","CV"
"9577","CV"
"9588","CV"
"9591","CV"
"9580","CV"
"9595","CV"
"9581","CV"
"9583","CV"
"9069","CV"
"12672","KY"
"12673","KY"
"12674","KY"
"12675","KY"
"12676","KY"
"12677","KY"
"12678","KY"
"12679","KY"
"12680","KY"
"12681","KY"
"12682","KY"
"12683","KY"
"12684","KY"
"10689","KY"
"12685","KY"
"12686","KY"
"9261","KY"
"12687","KY"
"9054","KY"
"9774","KY"
"9775","KY"
"9353","KY"
"12688","KY"
"12689","KY"
"9069","KY"
"12690","CF"
"2651","CF"
"9075","CF"
"12691","CF"
"12692","CF"
"12693","CF"
"12694","CF"
"9261","CF"
"12695","CF"
"9054","CF"
"12696","CF"
"9774","CF"
"9775","CF"
"9572","CF"
"9573","CF"
"9584","CF"
"9577","CF"
"9588","CF"
"9071","TD"
"9072","TD"
"9073","TD"
"9074","TD"
"9075","TD"
"9076","TD"
"9077","TD"
"9078","TD"
"9079","TD"
"9080","TD"
"9081","TD"
"9082","TD"
"9084","TD"
"9054","TD"
"12697","TD"
"12698","TD"
"12699","TD"
"12700","TD"
"12751","TD"
"9059","TD"
"9061","TD"
"9062","TD"
"9064","TD"
"9065","TD"
"9067","TD"
"9068","TD"
"9161","TD"
"9354","TD"
"10458","TD"
"12752","TD"
"12753","TD"
"9165","TD"
"12754","TD"
"12755","TD"
"10456","TD"
"9355","TD"
"9162","TD"
"10677","TD"
"12756","TD"
"12757","TD"
"9163","TD"
"9164","TD"
"12758","TD"
"9166","TD"
"12759","CL"
"12760","CL"
"12761","CL"
"12762","CL"
"12763","CL"
"12764","CL"
"12765","CL"
"12766","CL"
"12767","CL"
"9964","CL"
"12768","CL"
"12769","CL"
"12770","CL"
"12771","CL"
"12772","CL"
"12773","CL"
"12774","CL"
"12775","CL"
"12776","CL"
"12777","CL"
"12778","CL"
"12779","CL"
"12780","CL"
"12781","CL"
"9057","CL"
"12782","CL"
"12783","CL"
"12784","CL"
"12785","CL"
"12786","CL"
"12787","CL"
"12788","CL"
"9054","CL"
"9059","CL"
"9353","CL"
"12789","CL"
"9061","CL"
"9062","CL"
"9064","CL"
"9065","CL"
"9067","CL"
"9068","CL"
"9070","CL"
"12790","CN"
"12791","CN"
"12792","CN"
"12793","CN"
"12794","CN"
"12795","CN"
"12796","CN"
"12797","CN"
"12798","CN"
"12799","CN"
"12800","CN"
"12851","CN"
"12852","CN"
"12853","CN"
"12854","CN"
"12855","CN"
"12856","CN"
"12857","CN"
"12858","CN"
"12859","CN"
"12860","CN"
"12861","CA"
"9057","CN"
"12862","CN"
"12863","CN"
"12864","CN"
"12865","CN"
"12866","CN"
"12867","CN"
"12868","CN"
"12869","CN"
"12870","CA"
"9054","CN"
"9055","CN"
"12871","CN"
"12872","CN"
"12873","CN"
"12874","CN"
"12875","CN"
"12876","CN"
"12877","CN"
"12878","CN"
"12879","CN"
"12880","CN"
"12881","CN"
"12882","CN"
"12883","CN"
"12884","CN"
"12885","CN"
"12886","CN"
"12887","CN"
"12888","CN"
"12889","CN"
"12890","CN"
"12891","CN"
"12892","CN"
"12893","CN"
"12894","CN"
"12895","CN"
"12896","CN"
"12897","CN"
"12898","CN"
"12899","CN"
"12900","CN"
"12951","CN"
"12952","CN"
"12953","CN"
"12954","CN"
"12955","CN"
"12956","CN"
"12957","CN"
"12958","CN"
"12959","CN"
"12960","CN"
"12961","CN"
"12962","CN"
"12963","CN"
"12964","CN"
"12965","CN"
"12966","CN"
"12967","CN"
"12968","CN"
"12969","CN"
"12970","CN"
"12971","CN"
"12972","CN"
"12973","CN"
"12974","CN"
"12975","CN"
"12976","CN"
"12977","CN"
"12978","CN"
"12979","CN"
"12980","CN"
"12981","CN"
"12982","CN"
"12983","CN"
"12984","CN"
"12985","CN"
"12986","CN"
"12987","CN"
"12988","CN"
"12989","CN"
"12990","CN"
"12991","CN"
"12992","CN"
"12993","CN"
"12994","CN"
"12995","CN"
"12996","CN"
"12997","CN"
"12998","CN"
"12999","CN"
"13000","CN"
"13051","CN"
"13052","CN"
"13053","CN"
"13054","CN"
"13055","CN"
"13056","CN"
"13057","CN"
"13058","CN"
"13059","CN"
"13060","CN"
"13061","CN"
"13062","CN"
"13063","CN"
"13064","CN"
"13065","CN"
"13066","CN"
"13067","CN"
"13068","CN"
"13069","CN"
"9063","CN"
"13070","CN"
"13071","CN"
"13072","CN"
"13073","CN"
"13074","CN"
"13075","CN"
"13076","CN"
"13077","CN"
"13078","CN"
"13079","CX"
"11270","CX"
"11271","CX"
"9075","CX"
"11273","CX"
"11277","CX"
"13080","CX"
"11279","CX"
"13081","CX"
"13082","CX"
"13083","CX"
"13084","CX"
"13085","CX"
"13086","CX"
"11285","CX"
"11290","CX"
"11292","CX"
"13087","CX"
"11295","CX"
"13088","CX"
"13089","CX"
"13090","CX"
"13091","CX"
"13092","CX"
"13093","CX"
"13094","CX"
"13095","CX"
"13096","CX"
"13097","CX"
"13098","CX"
"13099","CX"
"13100","CX"
"13151","CX"
"13152","CX"
"13153","CX"
"11357","CX"
"13154","CX"
"13155","CX"
"13156","CX"
"13157","CX"
"13158","CX"
"11360","CX"
"13159","CX"
"9054","CX"
"13160","CX"
"9099","CX"
"9774","CX"
"13161","CX"
"9775","CX"
"13162","CX"
"9156","CX"
"9157","CX"
"9572","CX"
"9573","CX"
"9158","CX"
"9584","CX"
"9159","CX"
"9577","CX"
"9160","CX"
"9588","CX"
"9070","CX"
"11270","CC"
"11271","CC"
"11290","CC"
"9075","CC"
"11273","CC"
"13163","CC"
"9474","CC"
"11277","CC"
"13164","CC"
"11279","CC"
"11592","CC"
"13165","CC"
"13166","CC"
"11595","CC"
"11657","CC"
"11596","CC"
"11597","CC"
"11292","CC"
"11285","CC"
"11357","CC"
"11598","CC"
"9699","CC"
"13167","CC"
"11360","CC"
"11662","CC"
"9054","CC"
"11663","CC"
"13168","CC"
"11295","CC"
"10365","CC"
"10366","CC"
"9774","CC"
"9775","CC"
"10367","CC"
"10368","CC"
"9156","CC"
"9157","CC"
"9572","CC"
"9573","CC"
"9158","CC"
"9584","CC"
"9159","CC"
"9577","CC"
"9160","CC"
"9588","CC"
"10260","CC"
"13169","CC"
"13170","CO"
"13171","CO"
"13172","CO"
"13173","CO"
"13174","CO"
"13175","CO"
"13176","CO"
"13177","CO"
"13178","CO"
"13179","CO"
"13180","CO"
"13181","CO"
"13182","CO"
"13183","CO"
"9699","CO"
"9964","CO"
"13184","CO"
"9054","CO"
"9055","CO"
"13185","CO"
"13186","CO"
"13187","CO"
"9353","CO"
"13188","CO"
"13189","CO"
"13190","CO"
"13191","CO"
"9071","KM"
"9072","KM"
"9073","KM"
"2651","KM"
"9075","KM"
"9074","KM"
"9076","KM"
"9077","KM"
"9078","KM"
"9079","KM"
"9080","KM"
"9081","KM"
"9082","KM"
"9084","KM"
"9054","KM"
"9351","KM"
"9352","KM"
"9097","KM"
"9098","KM"
"9099","KM"
"9100","KM"
"9151","KM"
"9152","KM"
"9153","KM"
"9154","KM"
"13192","KM"
"13193","KM"
"13194","KM"
"12587","KM"
"13195","KM"
"9354","KM"
"9355","KM"
"10677","KM"
"12590","KM"
"13196","KM"
"13197","KM"
"13198","KM"
"13199","CG"
"13200","CG"
"13251","CG"
"2651","CG"
"13252","CG"
"9054","CG"
"9057","CG"
"13253","CG"
"13254","CG"
"10566","CN"
"10567","CN"
"10568","CN"
"10569","CN"
"10570","CN"
"10571","CN"
"10572","CN"
"10573","CN"
"10574","CN"
"10575","CN"
"9351","CG"
"9352","CG"
"9073","CG"
"10576","CN"
"9071","CG"
"10577","CN"
"10578","CN"
"10579","CN"
"10580","CN"
"10365","CG"
"10366","CG"
"10581","CN"
"10367","CG"
"10582","CN"
"10368","CG"
"10583","CN"
"10584","CN"
"10585","CN"
"10586","CN"
"10587","CN"
"10588","CN"
"9059","CG"
"10691","CG"
"10693","CG"
"10589","CN"
"10694","CG"
"10590","CN"
"9062","CG"
"10961","CG"
"10591","CN"
"10962","CG"
"10592","CN"
"9067","CG"
"10593","CN"
"9068","CG"
"10963","CG"
"10594","CN"
"10695","CG"
"10595","CN"
"9061","CG"
"9064","CG"
"10596","CN"
"9065","CG"
"10597","CN"
"10598","CN"
"10599","CN"
"10600","CN"
"10651","CN"
"10652","CN"
"9069","CG"
"10653","CN"
"9354","CG"
"10654","CN"
"9355","CG"
"10655","CN"
"10656","CN"
"10657","CN"
"10658","CN"
"10659","CN"
"10660","CN"
"10661","CN"
"10662","CN"
"13199","CD"
"11270","CD"
"10663","CN"
"11271","CD"
"10664","CN"
"11290","CD"
"10665","CN"
"9075","CD"
"9074","CD"
"11273","CD"
"9077","CD"
"9078","CD"
"9079","CD"
"13200","CD"
"13251","CD"
"9081","CD"
"11277","CD"
"11279","CD"
"9071","CD"
"9072","CD"
"9073","CD"
"11292","CD"
"11285","CD"
"11357","CD"
"13252","CD"
"9076","CD"
"9057","CD"
"9080","CD"
"9082","CD"
"9084","CD"
"11360","CD"
"9054","CD"
"9055","CD"
"11295","CD"
"13253","CD"
"9059","CD"
"9061","CD"
"9062","CD"
"9064","CD"
"9065","CD"
"9067","CD"
"9068","CD"
"13255","CK"
"13256","CK"
"13257","CK"
"13258","CK"
"13259","CK"
"13260","CK"
"13261","CK"
"13262","CK"
"2651","CK"
"13263","CK"
"9075","CK"
"13264","CK"
"13265","CK"
"13266","CK"
"13267","CK"
"13268","CK"
"13269","CK"
"13270","CK"
"13271","CK"
"13272","CK"
"13273","CK"
"13274","CK"
"13275","CK"
"13276","CK"
"13277","CK"
"9474","CK"
"13278","CK"
"13279","CK"
"13280","CK"
"9057","CK"
"13281","CK"
"13282","CK"
"13283","CK"
"13284","CK"
"13285","CK"
"13286","CK"
"13287","CK"
"13288","CK"
"9055","CK"
"9054","CK"
"13289","CK"
"13290","CK"
"13291","CK"
"13292","CR"
"13293","CR"
"9075","CR"
"13294","CR"
"13295","CR"
"13296","CR"
"13297","CR"
"13298","CR"
"13299","CR"
"13300","CR"
"13351","CR"
"13352","CR"
"13353","CR"
"13354","CR"
"13355","CR"
"13356","CR"
"13357","CR"
"13358","CR"
"13359","CR"
"13360","CR"
"9057","CR"
"13361","CR"
"13362","CR"
"13363","CR"
"13364","CR"
"13365","CR"
"13366","CR"
"13367","CR"
"13368","CR"
"13369","CR"
"13370","CR"
"9054","CR"
"13371","CR"
"13372","CR"
"9351","CR"
"9352","CR"
"9073","CR"
"9071","CR"
"10365","CR"
"10366","CR"
"10367","CR"
"10368","CR"
"9353","CR"
"11666","CR"
"11664","CR"
"11667","CR"
"11665","CR"
"9070","CR"
"11270","CI"
"11271","CI"
"9074","CI"
"10568","CI"
"11273","CI"
"9077","CI"
"9079","CI"
"10600","CI"
"9081","CI"
"11277","CI"
"11279","CI"
"9261","CI"
"10577","CI"
"13373","CI"
"9071","CI"
"9073","CI"
"11285","CI"
"9076","CI"
"9080","CI"
"10580","CI"
"13374","CI"
"10581","CI"
"10567","CI"
"9084","CI"
"11290","CI"
"11292","CI"
"9055","CI"
"10587","CI"
"11295","CI"
"10589","CI"
"13375","CI"
"9078","CI"
"10566","CI"
"10575","CI"
"10651","CI"
"10652","CI"
"10654","CI"
"9072","CI"
"10658","CI"
"11357","CI"
"10659","CI"
"10569","CI"
"9082","CI"
"11360","CI"
"11586","CI"
"9054","CI"
"10592","CI"
"13376","CI"
"9351","CI"
"9352","CI"
"13377","HR"
"13378","HR"
"13379","HR"
"13380","HR"
"13381","HR"
"13382","HR"
"11687","HR"
"11769","HR"
"13383","HR"
"13384","HR"
"13385","HR"
"11771","HR"
"13386","HR"
"11773","HR"
"13387","HR"
"13388","HR"
"13389","HR"
"11689","HR"
"11690","HR"
"13390","HR"
"13391","HR"
"11777","HR"
"13392","HR"
"13393","HR"
"13394","HR"
"13395","HR"
"13396","HR"
"13397","HR"
"13398","HR"
"13399","HR"
"9057","HR"
"13400","HR"
"13451","HR"
"13452","HR"
"11757","HR"
"9699","HR"
"13453","HR"
"11790","HR"
"13454","HR"
"11760","HR"
"9054","HR"
"13455","HR"
"11763","HR"
"13456","HR"
"9059","HR"
"13457","HR"
"13458","HR"
"9062","HR"
"13459","HR"
"13460","HR"
"13461","HR"
"9067","HR"
"9068","HR"
"13462","HR"
"13463","HR"
"9061","HR"
"9064","HR"
"9065","HR"
"13464","HR"
"9069","HR"
"9070","HR"
"13465","CU"
"9075","CU"
"13466","CU"
"10689","CU"
"9054","CU"
"9055","CU"
"13467","CU"
"9057","CU"
"9774","CU"
"9775","CU"
"9059","CU"
"13468","CU"
"13469","CU"
"9061","CU"
"9062","CU"
"9063","CU"
"13470","CU"
"9064","CU"
"9065","CU"
"9067","CU"
"9068","CU"
"13471","CU"
"13472","CW"
"13473","CW"
"13474","CW"
"13475","CW"
"13476","CW"
"13477","CW"
"9074","CW"
"9079","CW"
"13478","CW"
"13479","CW"
"9081","CW"
"13480","CW"
"12089","CW"
"13481","CW"
"13482","CW"
"13483","CW"
"13484","CW"
"13485","CW"
"9071","CW"
"13486","CW"
"13487","CW"
"13488","CW"
"13489","CW"
"12152","CW"
"13490","CW"
"9076","CW"
"13491","CW"
"13492","CW"
"13493","CW"
"9080","CW"
"13285","CW"
"13494","CW"
"13495","CW"
"13496","CW"
"13497","CW"
"13498","CW"
"13499","CW"
"13500","CW"
"13551","CW"
"13552","CW"
"13553","CW"
"13554","CW"
"13555","CW"
"13556","CW"
"13557","CW"
"13558","CW"
"9072","CW"
"13559","CW"
"13560","CW"
"13561","CW"
"13562","CW"
"13563","CW"
"13564","CW"
"13565","CW"
"13566","CW"
"13567","CW"
"13568","CW"
"13569","CW"
"13570","CW"
"9054","CW"
"13571","CW"
"13572","CW"
"13573","CW"
"13574","CW"
"9077","CW"
"13575","CW"
"13576","CW"
"11277","CW"
"13577","CW"
"13578","CW"
"13579","CW"
"13580","CW"
"13581","CW"
"13582","CW"
"9073","CW"
"13583","CW"
"13584","CW"
"13585","CW"
"13586","CW"
"13587","CW"
"13588","CW"
"13589","CW"
"9084","CW"
"13590","CW"
"13591","CW"
"13592","CW"
"13593","CW"
"13594","CW"
"13595","CW"
"13596","CW"
"13597","CW"
"13598","CW"
"13599","CW"
"9078","CW"
"13600","CW"
"13651","CW"
"13652","CW"
"13653","CW"
"13654","CW"
"13655","CW"
"13656","CW"
"13657","CW"
"13658","CW"
"13659","CW"
"9769","CG"
"9082","CW"
"13660","CW"
"9770","CG"
"13287","CW"
"13661","CW"
"13662","CW"
"13663","CW"
"9771","CG"
"9772","CG"
"9773","CG"
"9774","CG"
"9775","CG"
"9776","CG"
"9097","CW"
"9098","CW"
"13664","CW"
"9099","CW"
"9100","CW"
"9151","CW"
"9152","CW"
"9153","CW"
"9154","CW"
"9156","CW"
"9571","CW"
"9158","CW"
"10960","CW"
"9575","CW"
"10693","CW"
"10694","CW"
"9062","CW"
"9578","CW"
"9068","CW"
"9157","CW"
"9159","CW"
"9579","CW"
"9582","CW"
"9064","CW"
"9160","CW"
"10691","CW"
"9059","CW"
"11554","CW"
"9585","CW"
"9067","CW"
"9589","CW"
"9590","CW"
"9592","CW"
"10695","CW"
"9593","CW"
"9061","CW"
"9594","CW"
"9596","CW"
"9597","CW"
"9598","CW"
"9599","CW"
"9065","CW"
"9600","CW"
"10456","CW"
"10458","CW"
"13665","CW"
"13666","CY"
"13667","CY"
"13668","CY"
"13669","CY"
"13670","CY"
"13671","CY"
"13672","CY"
"9174","CY"
"13673","CY"
"13674","CY"
"13675","CY"
"13676","CY"
"13677","CY"
"13678","CY"
"13679","CY"
"13680","CY"
"13681","CY"
"13682","CY"
"13683","CY"
"13684","CY"
"13685","CY"
"13686","CY"
"13687","CY"
"13688","CY"
"13689","CY"
"13690","CY"
"13691","CY"
"9057","CY"
"13692","CY"
"13693","CY"
"13694","CY"
"13695","CY"
"13696","CY"
"9054","CY"
"9200","CY"
"9059","CY"
"9061","CY"
"9062","CY"
"9064","CY"
"9065","CY"
"9067","CY"
"9068","CY"
"9882","CY"
"9069","CY"
"9354","CY"
"9355","CY"
"9070","CY"
"9885","CY"
"9886","CY"
"13697","CZ"
"13698","CZ"
"13699","CZ"
"13700","CZ"
"13751","CZ"
"13752","CZ"
"13753","CZ"
"13754","CZ"
"13755","CZ"
"13756","CZ"
"13757","CZ"
"13758","CZ"
"13759","CZ"
"13760","CZ"
"13761","CZ"
"13762","CZ"
"13763","CZ"
"13764","CZ"
"13765","CZ"
"13766","CZ"
"13767","CZ"
"13768","CZ"
"9057","CZ"
"13769","CZ"
"13770","CZ"
"13771","CZ"
"13772","CZ"
"13773","CZ"
"9054","CZ"
"9055","CZ"
"13774","CZ"
"13775","CZ"
"13776","CZ"
"9353","CZ"
"9070","CZ"
"13777","DK"
"13778","DK"
"13779","DK"
"13780","DK"
"13781","DK"
"13782","DK"
"13783","DK"
"9174","DK"
"13784","DK"
"13785","DK"
"13786","DK"
"13787","DK"
"13788","DK"
"13789","DK"
"13790","DK"
"13791","DK"
"13792","DK"
"13793","DK"
"13794","DK"
"9699","DK"
"13795","DK"
"13796","DK"
"13797","DK"
"13798","DK"
"13799","DK"
"13800","DK"
"13851","DK"
"13852","DK"
"13853","DK"
"13854","DK"
"13855","DK"
"13856","DK"
"13857","DK"
"13858","DK"
"13859","DK"
"13860","DK"
"13861","DK"
"13862","DK"
"13863","DK"
"13864","DK"
"13865","DK"
"13866","DK"
"13867","DK"
"13868","DK"
"13869","DK"
"13870","DK"
"13871","DK"
"13872","DK"
"13873","DK"
"9057","DK"
"13874","DK"
"13875","DK"
"13876","DK"
"13877","DK"
"13878","DK"
"9054","DK"
"13879","DK"
"13880","DK"
"13881","DK"
"13882","DK"
"9200","DK"
"9353","DK"
"9774","CR"
"9775","CR"
"9070","DK"
"2651","DJ"
"9075","DJ"
"9054","DJ"
"9351","DJ"
"13883","DJ"
"9352","DJ"
"9073","DJ"
"9071","DJ"
"10365","DJ"
"10366","DJ"
"9774","DJ"
"9775","DJ"
"10367","DJ"
"10368","DJ"
"9059","DJ"
"11666","DJ"
"11664","DJ"
"9061","DJ"
"9062","DJ"
"9064","DJ"
"11667","DJ"
"9065","DJ"
"11665","DJ"
"9067","DJ"
"9068","DJ"
"9069","DJ"
"9354","DJ"
"9355","DJ"
"13884","DM"
"13885","DM"
"13886","DM"
"13887","DM"
"13888","DM"
"13889","DM"
"13890","DM"
"13891","DM"
"13892","DM"
"13893","DM"
"13894","DM"
"13895","DM"
"13896","DM"
"13897","DM"
"13898","DM"
"13899","DM"
"13900","DM"
"13951","DM"
"13952","DM"
"13953","DM"
"9057","DM"
"13954","DM"
"13955","DM"
"13956","DM"
"13957","DM"
"13958","DM"
"13959","DM"
"13960","DM"
"13961","DM"
"13962","DM"
"9054","DM"
"9055","DM"
"13963","DM"
"13964","DM"
"9351","DM"
"10562","DM"
"9352","DM"
"9073","DM"
"9071","DM"
"9572","DM"
"9573","DM"
"9584","DM"
"9577","DM"
"9588","DM"
"9161","DM"
"9070","DM"
"9354","DM"
"13190","DM"
"9165","DM"
"13965","DM"
"13188","DM"
"13189","DM"
"9355","DM"
"9162","DM"
"13966","DM"
"9163","DM"
"9164","DM"
"9166","DM"
"13191","DM"
"13884","DO"
"13885","DO"
"13886","DO"
"13887","DO"
"13888","DO"
"13889","DO"
"13890","DO"
"13891","DO"
"13892","DO"
"13967","DO"
"13893","DO"
"13894","DO"
"13895","DO"
"13968","DO"
"13896","DO"
"13897","DO"
"13898","DO"
"13899","DO"
"13900","DO"
"13951","DO"
"13952","DO"
"13953","DO"
"9057","DO"
"13954","DO"
"13955","DO"
"13956","DO"
"13957","DO"
"13958","DO"
"13959","DO"
"13960","DO"
"13961","DO"
"13962","DO"
"9054","DO"
"9055","DO"
"13963","DO"
"13964","DO"
"10562","DO"
"9353","DO"
"9572","DO"
"9573","DO"
"9584","DO"
"9574","DO"
"9586","DO"
"9577","DO"
"9587","DO"
"9576","DO"
"9588","DO"
"9591","DO"
"9580","DO"
"9595","DO"
"9581","DO"
"9583","DO"
"9070","DO"
"13969","EC"
"13970","EC"
"13971","EC"
"13972","EC"
"13973","EC"
"13974","EC"
"13975","EC"
"13976","EC"
"13977","EC"
"13978","EC"
"13979","EC"
"13980","EC"
"13981","EC"
"13982","EC"
"13983","EC"
"13984","EC"
"13985","EC"
"13986","EC"
"13987","EC"
"13988","EC"
"13989","EC"
"13990","EC"
"9057","EC"
"13991","EC"
"13992","EC"
"13993","EC"
"13994","EC"
"13995","EC"
"9055","EC"
"13996","EC"
"9054","EC"
"13997","EC"
"9351","EC"
"9352","EC"
"9073","EC"
"9071","EC"
"9161","EC"
"9070","EC"
"9162","EC"
"9163","EC"
"9164","EC"
"9165","EC"
"9166","EC"
"13998","EG"
"13999","EG"
"14000","EG"
"14051","EG"
"14052","EG"
"14053","EG"
"14054","EG"
"14055","EG"
"14056","EG"
"14057","EG"
"14058","EG"
"14059","EG"
"14060","EG"
"14061","EG"
"14062","EG"
"9699","EG"
"14063","EG"
"14064","EG"
"14065","EG"
"9054","EG"
"9055","EG"
"14066","EG"
"14067","EG"
"9070","EG"
"14068","SV"
"14069","SV"
"14070","SV"
"9075","SV"
"14071","SV"
"14072","SV"
"14073","SV"
"14074","SV"
"14075","SV"
"14076","SV"
"14077","SV"
"9054","SV"
"9055","SV"
"14078","SV"
"9353","SV"
"10691","SV"
"9156","SV"
"14079","SV"
"9157","SV"
"9158","SV"
"9159","SV"
"10695","SV"
"10693","SV"
"10694","SV"
"14080","SV"
"9160","SV"
"14081","SV"
"9070","SV"
"13194","SV"
"10292","SV"
"14082","SV"
"13198","SV"
"14083","CW"
"14084","CW"
"13197","SV"
"14085","SV"
"10958","CW"
"14086","CW"
"14087","CW"
"11583","SV"
"14088","SV"
"14089","CW"
"14090","CW"
"14091","CW"
"13162","CW"
"14092","CW"
"14093","CW"
"14094","CW"
"11270","GQ"
"10959","CW"
"14095","CW"
"11271","GQ"
"11290","GQ"
"14096","CW"
"14097","CW"
"14098","CW"
"9075","GQ"
"14099","CW"
"14100","CW"
"14151","CW"
"11292","GQ"
"11285","GQ"
"11273","GQ"
"14152","CW"
"14153","CW"
"14154","CW"
"14155","CW"
"14156","CW"
"14157","CW"
"11357","GQ"
"14158","CW"
"14159","CW"
"14160","CW"
"14161","CW"
"14162","CW"
"11279","GQ"
"11277","GQ"
"11360","GQ"
"14163","GQ"
"9054","GQ"
"9055","GQ"
"11295","GQ"
"9774","GQ"
"9775","GQ"
"9059","GQ"
"9572","GQ"
"9573","GQ"
"9584","GQ"
"9574","GQ"
"9062","GQ"
"9586","GQ"
"9587","GQ"
"9576","GQ"
"9577","GQ"
"9588","GQ"
"9067","GQ"
"9068","GQ"
"9591","GQ"
"9061","GQ"
"9580","GQ"
"9595","GQ"
"9581","GQ"
"9064","GQ"
"9583","GQ"
"9065","GQ"
"14164","GQ"
"13169","GQ"
"14165","ER"
"2651","ER"
"9075","ER"
"9054","ER"
"9351","ER"
"9352","ER"
"9073","ER"
"9071","ER"
"10365","ER"
"10366","ER"
"10367","ER"
"10368","ER"
"9069","ER"
"9354","ER"
"9355","ER"
"2651","EE"
"14166","EE"
"14167","EE"
"14168","EE"
"14169","EE"
"14170","EE"
"10691","CY"
"9174","EE"
"14171","EE"
"14172","EE"
"10695","CY"
"14173","EE"
"14174","EE"
"14175","EE"
"14176","EE"
"10693","CY"
"9261","EE"
"14177","EE"
"10694","CY"
"14178","EE"
"14179","EE"
"14180","EE"
"14181","EE"
"14182","EE"
"14183","EE"
"14184","EE"
"14185","EE"
"14186","EE"
"14187","EE"
"14188","EE"
"14189","EE"
"14190","EE"
"14191","EE"
"14192","EE"
"14193","EE"
"14194","EE"
"14195","EE"
"14196","EE"
"14197","EE"
"14198","EE"
"14199","EE"
"14200","EE"
"14251","EE"
"14252","EE"
"14253","EE"
"14254","EE"
"14255","EE"
"14256","EE"
"14257","EE"
"14258","EE"
"14259","EE"
"14260","EE"
"14261","EE"
"9057","EE"
"14262","EE"
"14263","EE"
"14264","EE"
"14265","EE"
"9054","EE"
"9059","EE"
"9353","EE"
"13458","EE"
"13459","EE"
"9062","EE"
"13461","EE"
"9067","EE"
"9068","EE"
"13462","EE"
"10197","EE"
"13463","EE"
"14266","EE"
"9061","EE"
"9064","EE"
"9065","EE"
"14267","EE"
"13464","EE"
"10564","EE"
"9069","EE"
"9070","EE"
"10565","EE"
"9165","EE"
"14268","ET"
"14269","ET"
"14270","ET"
"2651","ET"
"14271","ET"
"14272","ET"
"14273","ET"
"14274","ET"
"14275","ET"
"9053","ET"
"14276","ET"
"9261","ET"
"14277","ET"
"14278","ET"
"14279","ET"
"14280","ET"
"9058","ET"
"14281","ET"
"9051","ET"
"14282","ET"
"14283","ET"
"9056","ET"
"14284","ET"
"14285","ET"
"14286","ET"
"14287","ET"
"14288","ET"
"14289","ET"
"14290","ET"
"14291","ET"
"9055","ET"
"9054","ET"
"14292","ET"
"14293","ET"
"9059","ET"
"9061","ET"
"9062","ET"
"9064","ET"
"14294","ET"
"9065","ET"
"9067","ET"
"9068","ET"
"10564","ET"
"9069","ET"
"9070","ET"
"10565","ET"
"9165","ET"
"11585","FK"
"11277","FK"
"11590","FK"
"9075","FK"
"11659","FK"
"11594","FK"
"9054","FK"
"9774","FK"
"9775","FK"
"9155","FK"
"9572","FK"
"9573","FK"
"9584","FK"
"9577","FK"
"9588","FK"
"11668","FK"
"13169","FK"
"14295","FO"
"14296","FO"
"9075","FO"
"14297","FO"
"11853","FO"
"14298","FO"
"9054","FO"
"9057","FO"
"14299","FO"
"14300","FO"
"9156","FO"
"9572","FO"
"9573","FO"
"9584","FO"
"9158","FO"
"9574","FO"
"14351","FO"
"9586","FO"
"9587","FO"
"9576","FO"
"9577","FO"
"9588","FO"
"9157","FO"
"9591","FO"
"9159","FO"
"9580","FO"
"9595","FO"
"9581","FO"
"9583","FO"
"14352","FO"
"9160","FO"
"9069","FO"
"9070","FO"
"14353","FJ"
"14354","FJ"
"14355","FJ"
"9075","FJ"
"14356","FJ"
"14357","FJ"
"14358","FJ"
"14359","FJ"
"14360","FJ"
"14361","FJ"
"14362","FJ"
"14363","FJ"
"14364","FJ"
"14365","FJ"
"14366","FJ"
"14367","FJ"
"14368","FJ"
"14369","FJ"
"14370","FJ"
"14371","FJ"
"14372","FJ"
"14373","FJ"
"14374","FJ"
"14375","FJ"
"14376","FJ"
"14377","FJ"
"14378","FJ"
"14379","FJ"
"14380","FJ"
"14381","FJ"
"14382","FJ"
"14383","FJ"
"14384","FJ"
"14385","FJ"
"14386","FJ"
"14387","FJ"
"14388","FJ"
"14389","FJ"
"14390","FJ"
"14391","FJ"
"14392","FJ"
"14393","FJ"
"14394","FJ"
"14395","FJ"
"14396","FJ"
"14397","FJ"
"14398","FJ"
"14399","FJ"
"14400","FJ"
"14451","FJ"
"14452","FJ"
"14453","FJ"
"9057","FJ"
"14454","FJ"
"14455","FJ"
"14456","FJ"
"14457","FJ"
"14458","FJ"
"14459","FJ"
"14460","FJ"
"14461","FJ"
"14462","FJ"
"14463","FJ"
"9054","FJ"
"9069","FJ"
"9070","FJ"
"14464","FI"
"14465","FI"
"14466","FI"
"14467","FI"
"14468","FI"
"14469","FI"
"14470","FI"
"14471","FI"
"14472","FI"
"14473","FI"
"14474","FI"
"14475","FI"
"14476","FI"
"14477","FI"
"14478","FI"
"14479","FI"
"14480","FI"
"14481","FI"
"14482","FI"
"9964","FI"
"14483","FI"
"14484","FI"
"14485","FI"
"14486","FI"
"14487","FI"
"14488","FI"
"14489","FI"
"14490","FI"
"14491","FI"
"14492","FI"
"14493","FI"
"14494","FI"
"14495","FI"
"14496","FI"
"14497","FI"
"9057","FI"
"14498","FI"
"9699","FI"
"14499","FI"
"14500","FI"
"14551","FI"
"14552","FI"
"14553","FI"
"14554","FI"
"9054","FI"
"14555","FI"
"14556","FI"
"9059","FI"
"9353","FI"
"14557","FI"
"9061","FI"
"9062","FI"
"9063","FI"
"9064","FI"
"9065","FI"
"9067","FI"
"9068","FI"
"14558","FI"
"9070","FI"
"14559","FI"
"14560","FR"
"14561","FR"
"14562","FR"
"13472","FR"
"13473","FR"
"13474","FR"
"9074","FR"
"14563","FR"
"14564","FR"
"14565","FR"
"9079","FR"
"14566","FR"
"13478","FR"
"9081","FR"
"13480","FR"
"14567","FR"
"14568","FR"
"13483","FR"
"14569","FR"
"14570","FR"
"9071","FR"
"13489","FR"
"9076","FR"
"13493","FR"
"13492","FR"
"9080","FR"
"14571","FR"
"14572","FR"
"13494","FR"
"14573","FR"
"14574","FR"
"14575","FR"
"14576","FR"
"9055","FR"
"14577","FR"
"13497","FR"
"13498","FR"
"14578","FR"
"14579","FR"
"13499","FR"
"13551","FR"
"14580","FR"
"14581","FR"
"14582","FR"
"13554","FR"
"10599","FR"
"14583","FR"
"14584","FR"
"9072","FR"
"13557","FR"
"13558","FR"
"13560","FR"
"13561","FR"
"14585","FR"
"14586","FR"
"13563","FR"
"14587","FR"
"11563","FR"
"14588","FR"
"13569","FR"
"11586","FR"
"9054","FR"
"14589","FR"
"14590","FR"
"14591","FR"
"14592","FR"
"13571","FR"
"14593","FR"
"13572","FR"
"14594","FR"
"9077","FR"
"14595","FR"
"14596","FR"
"14597","FR"
"14598","FR"
"14599","FR"
"13577","FR"
"14600","FR"
"13579","FR"
"13580","FR"
"13581","FR"
"14651","FR"
"13582","FR"
"9073","FR"
"14652","FR"
"14653","FR"
"13583","FR"
"13584","FR"
"14654","FR"
"14655","FR"
"14656","FR"
"14657","FR"
"14658","FR"
"13588","FR"
"13589","FR"
"9084","FR"
"14659","FR"
"13591","FR"
"14660","FR"
"14661","FR"
"13594","FR"
"14662","FR"
"14663","FR"
"13598","FR"
"14664","FR"
"9078","FR"
"13599","FR"
"13651","FR"
"13281","FR"
"14665","FR"
"14666","FR"
"13653","FR"
"13654","FR"
"14667","FR"
"14668","FR"
"14669","FR"
"10652","FR"
"14670","FR"
"14671","FR"
"13657","FR"
"13658","FR"
"14672","FR"
"14673","FR"
"9082","FR"
"14674","FR"
"14675","FR"
"14676","FR"
"13662","FR"
"14677","FR"
"14678","FR"
"14679","FR"
"14680","FR"
"9351","FR"
"9352","FR"
"14681","FR"
"9769","FR"
"9770","FR"
"9771","FR"
"9772","FR"
"9773","FR"
"9776","FR"
"9059","FR"
"14682","FR"
"14683","FR"
"9062","FR"
"14684","FR"
"9059","EC"
"9067","FR"
"9061","EC"
"9068","FR"
"14685","FR"
"9062","EC"
"9064","EC"
"9061","FR"
"14686","FR"
"9065","EC"
"9064","FR"
"9067","EC"
"9065","FR"
"9068","EC"
"14687","FR"
"14688","FR"
"9354","FR"
"9355","FR"
"14689","FR"
"14690","FR"
"9071","GF"
"9072","GF"
"9073","GF"
"2651","GF"
"9074","GF"
"9075","GF"
"9076","GF"
"9077","GF"
"9078","GF"
"9079","GF"
"9080","GF"
"9081","GF"
"9082","GF"
"9084","GF"
"9054","GF"
"9155","GF"
"9156","GF"
"9572","GF"
"9573","GF"
"9158","GF"
"9584","GF"
"9574","GF"
"9586","GF"
"9587","GF"
"9576","GF"
"9577","GF"
"9588","GF"
"9157","GF"
"9591","GF"
"9159","GF"
"9580","GF"
"9595","GF"
"9581","GF"
"9583","GF"
"9160","GF"
"14687","GF"
"14688","GF"
"9069","GF"
"9354","GF"
"9355","GF"
"9070","GF"
"14691","PF"
"9074","PF"
"9075","PF"
"11853","PF"
"9077","PF"
"9078","PF"
"9079","PF"
"14692","PF"
"9081","PF"
"14693","PF"
"14694","PF"
"14695","PF"
"14696","PF"
"9071","PF"
"9072","PF"
"9073","PF"
"14697","PF"
"9076","PF"
"9057","PF"
"9699","PF"
"9080","PF"
"9082","PF"
"9084","PF"
"9054","PF"
"13376","PF"
"9156","PF"
"9157","PF"
"9158","PF"
"9159","PF"
"9160","PF"
"14687","PF"
"14688","PF"
"9069","PF"
"9070","PF"
"9354","PF"
"9355","PF"
"13169","PF"
"11270","TF"
"11271","TF"
"11290","TF"
"9075","TF"
"14691","TF"
"11273","TF"
"14692","TF"
"11277","TF"
"14693","TF"
"14694","TF"
"11279","TF"
"14695","TF"
"14696","TF"
"11292","TF"
"11285","TF"
"11357","TF"
"14697","TF"
"9699","TF"
"11360","TF"
"9054","TF"
"9055","TF"
"11295","TF"
"9774","TF"
"9775","TF"
"9156","TF"
"9571","TF"
"9572","TF"
"9573","TF"
"9158","TF"
"9574","TF"
"9575","TF"
"9062","TF"
"11157","TF"
"9577","TF"
"9576","TF"
"9578","TF"
"9068","TF"
"9157","TF"
"9159","TF"
"9579","TF"
"9580","TF"
"9581","TF"
"9582","TF"
"9064","TF"
"9583","TF"
"9160","TF"
"9059","TF"
"9584","TF"
"9585","TF"
"9586","TF"
"9587","TF"
"9588","TF"
"9067","TF"
"9589","TF"
"9590","TF"
"9591","TF"
"9592","TF"
"9593","TF"
"9061","TF"
"9594","TF"
"9595","TF"
"9596","TF"
"9597","TF"
"9598","TF"
"9599","TF"
"9065","TF"
"9600","TF"
"9774","ER"
"9775","ER"
"14687","TF"
"14688","TF"
"9069","TF"
"9070","TF"
"9354","TF"
"9355","TF"
"14698","TF"
"14699","TF"
"9070","ER"
"10580","GA"
"2651","GA"
"10577","GA"
"10651","GA"
"9075","GA"
"14700","GA"
"9054","GA"
"10956","GA"
"9351","GA"
"9352","GA"
"9073","GA"
"9071","GA"
"9097","GA"
"9098","GA"
"9099","GA"
"9100","GA"
"9774","GA"
"9151","GA"
"9152","GA"
"9775","GA"
"9153","GA"
"9154","GA"
"9156","GA"
"9157","GA"
"9158","GA"
"9159","GA"
"9160","GA"
"9070","GA"
"14689","GA"
"14751","GA"
"2651","GM"
"9054","GM"
"9774","GM"
"9775","GM"
"9069","GM"
"9354","GM"
"9355","GM"
"9070","GM"
"14752","GE"
"14753","GE"
"14754","GE"
"14755","GE"
"14756","GE"
"14757","GE"
"14758","GE"
"14759","GE"
"14760","GE"
"14761","GE"
"14762","GE"
"14763","GE"
"14764","GE"
"14765","GE"
"14766","GE"
"14767","GE"
"14768","GE"
"14769","GE"
"14770","GE"
"14771","GE"
"14772","GE"
"14773","GE"
"14774","GE"
"14775","GE"
"14776","GE"
"14777","GE"
"14778","GE"
"14779","GE"
"14780","GE"
"14781","GE"
"14782","GE"
"14783","GE"
"14784","GE"
"14785","GE"
"14786","GE"
"14787","GE"
"9055","GE"
"14788","GE"
"14789","GE"
"14790","GE"
"14791","GE"
"14792","GE"
"14793","GE"
"14794","GE"
"14795","GE"
"14796","GE"
"14797","GE"
"14798","GE"
"14799","GE"
"9964","GE"
"14800","GE"
"14851","GE"
"14852","GE"
"14853","GE"
"14854","GE"
"14855","GE"
"9057","GE"
"14856","GE"
"14857","GE"
"14858","GE"
"14859","GE"
"14860","GE"
"14861","GE"
"14862","GE"
"14863","GE"
"14864","GE"
"14865","GE"
"14866","GE"
"9054","GE"
"14867","GE"
"14868","GE"
"14869","GE"
"14870","GE"
"9059","GE"
"9061","GE"
"9062","GE"
"9064","GE"
"9065","GE"
"9067","GE"
"9068","GE"
"14871","GE"
"9070","GE"
"9871","DE"
"14872","DE"
"14593","DE"
"14873","DE"
"14874","DE"
"14875","DE"
"9872","DE"
"14876","DE"
"14877","DE"
"14878","DE"
"14879","DE"
"14880","DE"
"14881","DE"
"14882","DE"
"14883","DE"
"14884","DE"
"14885","DE"
"14886","DE"
"10281","DE"
"9873","DE"
"9863","DE"
"14887","DE"
"10582","DE"
"14888","DE"
"14889","DE"
"14890","DE"
"9853","DE"
"9874","DE"
"9055","DE"
"9875","DE"
"9876","DE"
"14891","DE"
"14892","DE"
"14893","DE"
"9877","DE"
"9878","DE"
"14894","DE"
"14895","DE"
"14896","DE"
"14580","DE"
"14897","DE"
"9879","DE"
"14898","DE"
"9964","DE"
"14899","DE"
"9880","DE"
"14900","DE"
"14951","DE"
"9884","DE"
"14952","DE"
"14953","DE"
"14954","DE"
"14955","DE"
"14956","DE"
"14957","DE"
"14958","DE"
"9889","DE"
"14959","DE"
"14960","DE"
"14961","DE"
"14962","DE"
"14963","DE"
"14588","DE"
"14964","DE"
"9054","DE"
"9890","DE"
"14965","DE"
"9860","DE"
"9861","DE"
"9862","DE"
"9864","DE"
"9865","DE"
"9866","DE"
"10562","DE"
"14651","DE"
"9867","DE"
"9868","DE"
"10365","DE"
"10366","DE"
"10367","DE"
"10368","DE"
"9353","DE"
"10369","DE"
"14966","DE"
"14967","DE"
"14968","DE"
"10371","DE"
"10372","DE"
"9062","DE"
"9068","DE"
"10377","DE"
"10379","DE"
"10380","DE"
"14969","DE"
"10385","DE"
"10387","DE"
"9064","DE"
"14970","DE"
"10389","DE"
"9059","DE"
"10392","DE"
"10396","DE"
"9067","DE"
"10398","DE"
"14971","DE"
"10399","DE"
"14972","DE"
"9061","DE"
"10452","DE"
"10453","DE"
"10454","DE"
"9065","DE"
"14973","DE"
"14974","DE"
"14975","DE"
"14976","DE"
"14977","GH"
"14978","GH"
"14979","GH"
"14980","GH"
"14981","GH"
"14982","GH"
"14983","GH"
"14984","GH"
"14985","GH"
"14986","GH"
"14987","GH"
"14988","GH"
"14989","GH"
"14990","GH"
"9261","GH"
"14991","GH"
"14992","GH"
"14993","GH"
"14994","GH"
"14995","GH"
"14996","GH"
"14997","GH"
"14998","GH"
"14999","GH"
"15000","GH"
"15051","GH"
"15052","GH"
"9055","GH"
"15053","GH"
"15054","GH"
"15055","GH"
"15056","GH"
"15057","GH"
"15058","GH"
"15059","GH"
"15060","GH"
"15061","GH"
"15062","GH"
"15063","GH"
"15064","GH"
"15065","GH"
"15066","GH"
"15067","GH"
"9057","GH"
"15068","GH"
"15069","GH"
"15070","GH"
"15071","GH"
"9054","GH"
"15072","GH"
"15073","GH"
"15074","GH"
"9059","GH"
"15075","GH"
"15076","GH"
"9061","GH"
"15077","GH"
"9062","GH"
"15078","GH"
"9064","GH"
"9065","GH"
"9067","GH"
"9068","GH"
"15079","GI"
"15080","GI"
"9075","GI"
"15081","GI"
"11853","GI"
"9054","GI"
"15082","GI"
"9057","GI"
"9774","FJ"
"9775","FJ"
"10365","GI"
"10366","GI"
"9774","GI"
"9775","GI"
"10367","GI"
"10368","GI"
"9059","GI"
"9061","GI"
"9062","GI"
"9064","GI"
"9065","GI"
"9067","GI"
"9068","GI"
"15083","GR"
"9784","GR"
"15084","GR"
"15085","GR"
"9795","GR"
"15086","GR"
"15087","GR"
"15088","GR"
"9799","GR"
"15089","GR"
"15090","GR"
"9853","GR"
"9854","GR"
"15091","GR"
"9857","GR"
"15092","GR"
"15093","GR"
"15094","GR"
"15095","GR"
"9780","GR"
"15096","GR"
"15097","GR"
"15098","GR"
"9790","GR"
"15099","GR"
"15100","GR"
"9964","GR"
"9794","GR"
"15151","GR"
"15152","GR"
"12861","GR"
"14355","GR"
"15153","GR"
"10294","GR"
"15154","GR"
"14394","GR"
"14454","GR"
"9057","GR"
"15155","GR"
"15156","GR"
"15157","GR"
"9800","GR"
"15158","GR"
"15159","GR"
"11563","GR"
"15160","GR"
"15161","GR"
"9054","GR"
"15162","GR"
"9860","GR"
"9861","GR"
"9862","GR"
"9863","GR"
"9864","GR"
"9865","GR"
"9866","GR"
"9867","GR"
"9868","GR"
"9059","GR"
"9061","GR"
"9062","GR"
"9064","GR"
"9065","GR"
"9067","GR"
"9068","GR"
"10564","GR"
"10565","GR"
"9165","GR"
"15163","GL"
"15164","GL"
"15165","GL"
"15166","GL"
"15167","GL"
"15168","GL"
"15169","GL"
"15170","GL"
"15171","GL"
"15172","GL"
"15173","GL"
"15174","GL"
"15175","GL"
"15176","GL"
"15177","GL"
"15178","GL"
"15179","GL"
"15180","GL"
"15181","GL"
"9057","GL"
"15182","GL"
"15183","GL"
"15184","GL"
"9055","GL"
"15185","GL"
"9054","GL"
"15186","GL"
"10562","GL"
"10365","GL"
"10366","GL"
"10367","GL"
"10368","GL"
"15187","GL"
"15188","GL"
"9069","GL"
"15189","GL"
"15190","GL"
"15191","GL"
"15192","GL"
"15193","GL"
"15194","GL"
"9355","GL"
"15195","GL"
"15196","GL"
"15197","GL"
"15198","GL"
"15199","GL"
"15200","GL"
"15251","GL"
"15252","GL"
"15253","GL"
"15254","GL"
"15255","GL"
"15256","GL"
"15257","GL"
"15258","GL"
"15259","GL"
"15260","GL"
"15261","GL"
"15262","GL"
"15263","GL"
"15264","GL"
"15265","GL"
"15266","GL"
"15267","GL"
"15268","GL"
"15269","GL"
"15270","GL"
"15271","GL"
"15272","GL"
"15273","GL"
"15274","GL"
"15275","GL"
"15276","GL"
"15277","GL"
"15278","GL"
"15279","GL"
"15280","GL"
"15281","GL"
"15282","GL"
"15283","GL"
"9354","GL"
"15284","GL"
"15285","GL"
"15286","GL"
"15287","GL"
"15288","GL"
"15289","GL"
"15290","GL"
"15291","GL"
"15292","GL"
"15293","GD"
"2651","GD"
"9075","GD"
"15294","GD"
"9054","GD"
"15295","GD"
"15296","GD"
"9057","GD"
"15297","GD"
"15298","GD"
"9351","GD"
"9352","GD"
"9073","GD"
"9071","GD"
"9097","GD"
"9098","GD"
"9099","GD"
"9774","GD"
"9100","GD"
"9151","GD"
"9775","GD"
"9152","GD"
"9153","GD"
"9154","GD"
"15299","GD"
"15300","GD"
"15351","GD"
"15352","GD"
"15353","GD"
"15354","GD"
"15355","GD"
"15356","GD"
"9354","GD"
"9355","GD"
"14689","GD"
"15357","GP"
"15358","GP"
"15359","GP"
"2651","GP"
"9075","GP"
"15360","GP"
"9054","GP"
"15361","GP"
"15362","GP"
"9351","GP"
"9352","GP"
"9073","GP"
"9071","GP"
"9098","GP"
"9771","GP"
"9772","GP"
"10366","GP"
"9099","GP"
"9774","GP"
"9151","GP"
"9775","GP"
"9153","GP"
"9154","GP"
"9097","GP"
"10365","GP"
"9769","GP"
"9770","GP"
"9773","GP"
"9100","GP"
"9152","GP"
"10367","GP"
"10368","GP"
"9776","GP"
"9354","GP"
"9355","GP"
"9071","GU"
"9072","GU"
"15363","GU"
"9073","GU"
"9075","GU"
"9074","GU"
"9076","GU"
"9077","GU"
"9078","GU"
"9079","GU"
"9057","GU"
"9080","GU"
"9081","GU"
"9082","GU"
"9084","GU"
"15364","GU"
"15365","GU"
"9054","GU"
"9571","GU"
"9575","GU"
"9062","GU"
"9578","GU"
"9068","GU"
"15366","GU"
"9579","GU"
"15367","GU"
"9582","GU"
"9064","GU"
"15368","GU"
"9059","GU"
"11664","GU"
"9585","GU"
"11665","GU"
"9067","GU"
"11666","GU"
"9589","GU"
"9590","GU"
"9592","GU"
"9593","GU"
"9061","GU"
"9594","GU"
"9596","GU"
"9597","GU"
"9598","GU"
"11667","GU"
"9599","GU"
"9065","GU"
"9600","GU"
"9070","GU"
"15369","GT"
"15370","GT"
"15371","GT"
"15372","GT"
"15373","GT"
"15374","GT"
"15375","GT"
"15376","GT"
"15377","GT"
"15378","GT"
"15379","GT"
"15380","GT"
"15381","GT"
"15382","GT"
"15383","GT"
"15384","GT"
"15385","GT"
"9057","GT"
"15386","GT"
"15387","GT"
"15388","GT"
"15389","GT"
"15390","GT"
"15391","GT"
"15392","GT"
"15393","GT"
"15394","GT"
"9054","GT"
"9055","GT"
"15395","GT"
"15396","GT"
"15397","GT"
"15398","GT"
"9351","GT"
"9352","GT"
"9073","GT"
"9071","GT"
"15399","GT"
"9251","GT"
"10365","PF"
"10366","PF"
"10367","PF"
"10368","PF"
"13462","GT"
"13463","GT"
"13458","GT"
"13459","GT"
"13461","GT"
"13464","GT"
"9070","GT"
"10300","GG"
"2651","GG"
"15400","GG"
"15451","GG"
"15452","GG"
"9054","GG"
"9057","GG"
"15453","GG"
"15454","GG"
"15455","GG"
"15456","GG"
"13281","GG"
"9069","GG"
"9354","GG"
"9355","GG"
"10677","GG"
"9054","GN"
"9055","GN"
"9774","GN"
"9775","GN"
"15457","GN"
"15458","TF"
"10691","GN"
"10695","GN"
"10693","GN"
"15459","TF"
"10694","GN"
"10456","GN"
"10458","GN"
"15460","TF"
"15461","TF"
"11270","GW"
"11271","GW"
"2651","GW"
"11290","GW"
"11292","GW"
"11285","GW"
"9075","GW"
"11273","GW"
"11357","GW"
"11279","GW"
"11277","GW"
"11360","GW"
"9055","GW"
"9054","GW"
"11295","GW"
"9059","GW"
"9572","GW"
"9573","GW"
"9584","GW"
"9574","GW"
"9062","GW"
"9586","GW"
"9587","GW"
"9576","GW"
"9577","GW"
"9588","GW"
"9067","GW"
"9068","GW"
"9591","GW"
"9061","GW"
"9580","GW"
"9595","GW"
"9581","GW"
"9064","GW"
"9065","GW"
"9583","GW"
"15462","GY"
"9071","GY"
"9072","GY"
"9073","GY"
"15463","GY"
"9074","GY"
"9076","GY"
"9077","GY"
"9078","GY"
"9079","GY"
"15464","GY"
"9057","GY"
"15465","GY"
"9080","GY"
"9081","GY"
"9082","GY"
"9084","GY"
"15466","GY"
"9054","GY"
"15467","GY"
"15468","GY"
"13376","GY"
"9351","GY"
"9352","GY"
"10365","GM"
"10366","GM"
"10367","GM"
"10368","GM"
"9059","GY"
"9156","GY"
"9158","GY"
"9062","GY"
"9067","GY"
"9068","GY"
"9157","GY"
"10562","GY"
"9159","GY"
"9061","GY"
"9064","GY"
"9065","GY"
"9160","GY"
"10677","GY"
"9069","GY"
"9354","GY"
"9355","GY"
"15469","HT"
"15470","HT"
"15471","HT"
"15472","HT"
"15473","HT"
"15474","HT"
"15475","HT"
"15476","HT"
"15477","HT"
"15478","HT"
"15479","HT"
"15480","HT"
"15481","HT"
"15482","HT"
"15483","HT"
"15484","HT"
"15485","HT"
"15486","HT"
"15487","HT"
"15488","HT"
"15489","HT"
"15490","HT"
"15491","HT"
"9057","HT"
"15492","HT"
"15493","HT"
"15494","HT"
"15495","HT"
"15496","HT"
"15497","HT"
"15498","HT"
"15499","HT"
"15500","HT"
"9054","HT"
"15551","HT"
"15552","HT"
"15553","HT"
"9351","HT"
"9352","HT"
"9073","HT"
"9071","HT"
"9200","HT"
"15554","HT"
"15555","HT"
"15556","HT"
"15557","HT"
"15558","HT"
"15559","HT"
"15560","HT"
"15561","HT"
"15562","HT"
"15563","HT"
"15564","HT"
"11270","HM"
"11271","HM"
"11290","HM"
"11273","HM"
"13163","HM"
"9474","HM"
"15565","HM"
"13281","HM"
"11277","HM"
"13164","HM"
"11279","HM"
"15566","HM"
"15567","HM"
"13165","HM"
"15568","HM"
"13166","HM"
"11292","HM"
"11285","HM"
"11357","HM"
"13167","HM"
"11360","HM"
"10689","HM"
"9054","HM"
"9055","HM"
"11295","HM"
"13168","HM"
"10365","HM"
"10366","HM"
"10367","HM"
"10368","HM"
"10691","HM"
"9156","HM"
"9158","HM"
"9574","HM"
"10694","HM"
"9586","HM"
"9587","HM"
"9576","HM"
"9157","HM"
"9591","HM"
"9159","HM"
"11364","HM"
"9580","HM"
"9595","HM"
"9581","HM"
"9583","HM"
"9160","HM"
"11270","VA"
"11271","VA"
"11290","VA"
"10677","VA"
"11292","VA"
"11285","VA"
"11273","VA"
"11357","VA"
"10667","VA"
"11279","VA"
"11277","VA"
"11360","VA"
"9054","VA"
"11295","VA"
"15569","VA"
"15570","VA"
"9069","VA"
"14164","VA"
"15571","HN"
"15572","HN"
"9075","HN"
"15573","HN"
"15574","HN"
"15575","HN"
"15576","HN"
"15577","HN"
"15578","HN"
"15579","HN"
"15580","HN"
"15581","HN"
"15582","HN"
"9261","HN"
"15583","HN"
"15584","HN"
"15585","HN"
"15586","HN"
"15587","HN"
"15588","HN"
"15589","HN"
"15590","HN"
"15591","HN"
"15592","HN"
"15593","HN"
"15594","HN"
"15595","HN"
"15596","HN"
"15597","HN"
"15598","HN"
"15599","HN"
"15600","HN"
"15651","HN"
"15652","HN"
"15653","HN"
"15654","HN"
"15655","HN"
"15656","HN"
"15657","HN"
"15658","HN"
"15659","HN"
"15660","HN"
"15661","HN"
"15662","HN"
"9057","HN"
"15663","HN"
"15664","HN"
"15665","HN"
"15666","HN"
"9054","HN"
"15667","HN"
"9351","HN"
"9352","HN"
"9073","HN"
"9071","HN"
"10691","HN"
"9059","HN"
"10693","HN"
"10694","HN"
"15668","HN"
"9062","HN"
"11385","HN"
"9067","HN"
"9068","HN"
"10197","HN"
"15366","HN"
"10695","HN"
"9061","HN"
"15367","HN"
"9064","HN"
"9065","HN"
"15368","HN"
"9070","HN"
"15669","HK"
"15670","HK"
"15671","HK"
"15672","HK"
"15673","HK"
"15674","HK"
"15675","HK"
"15676","HK"
"15677","HK"
"15678","HK"
"15679","HK"
"15680","HK"
"15681","HK"
"15682","HK"
"15683","HK"
"15684","HK"
"15685","HK"
"15686","HK"
"15687","HK"
"15688","HK"
"15689","HK"
"15690","HK"
"15691","HK"
"9699","HK"
"15692","HK"
"15693","HK"
"15694","HK"
"15695","HK"
"15696","HK"
"15697","HK"
"15698","HK"
"9055","HK"
"15699","HK"
"15700","HK"
"15751","HK"
"15752","HK"
"15753","HK"
"15754","HK"
"15755","HK"
"15756","HK"
"15757","HK"
"15758","HK"
"15759","HK"
"15760","HK"
"15761","HK"
"15762","HK"
"15763","HK"
"15764","HK"
"15765","HK"
"15766","HK"
"15767","HK"
"15768","HK"
"15769","HK"
"15770","HK"
"15771","HK"
"15772","HK"
"15773","HK"
"15774","HK"
"15775","HK"
"15776","HK"
"15777","HK"
"15778","HK"
"15779","HK"
"15780","HK"
"15781","HK"
"15782","HK"
"15783","HK"
"15784","HK"
"15785","HK"
"9054","HK"
"15786","HK"
"15787","HK"
"15788","HK"
"15789","HK"
"11554","HK"
"10691","HK"
"15790","HK"
"10694","HK"
"15791","HK"
"9070","HK"
"15792","HK"
"15793","HU"
"15794","HU"
"15795","HU"
"15796","HU"
"15797","HU"
"15798","HU"
"15799","HU"
"15800","HU"
"15851","HU"
"15852","HU"
"15853","HU"
"15854","HU"
"15855","HU"
"15856","HU"
"15857","HU"
"15858","HU"
"15859","HU"
"15860","HU"
"15861","HU"
"15862","HU"
"15863","HU"
"15864","HU"
"15865","HU"
"15866","HU"
"9057","HU"
"15867","HU"
"15868","HU"
"15869","HU"
"15870","HU"
"15871","HU"
"15872","HU"
"9055","HU"
"9054","HU"
"9069","GH"
"9353","HU"
"11666","HU"
"9059","HU"
"11664","HU"
"9061","HU"
"9062","HU"
"11667","HU"
"9064","HU"
"11665","HU"
"9065","HU"
"9067","HU"
"9068","HU"
"9070","HU"
"15873","IS"
"15874","IS"
"15875","IS"
"15876","IS"
"15877","IS"
"15878","IS"
"15879","IS"
"15880","IS"
"15881","IS"
"9354","GI"
"15882","IS"
"15883","IS"
"15884","IS"
"9355","GI"
"15885","GI"
"15886","IS"
"15887","IS"
"15888","IS"
"15889","IS"
"9057","IS"
"15890","IS"
"15891","IS"
"15892","IS"
"15893","IS"
"15894","IS"
"9054","IS"
"15895","IS"
"15896","IS"
"9059","IS"
"9061","IS"
"9062","IS"
"9064","IS"
"9065","IS"
"9067","IS"
"9068","IS"
"9069","IS"
"9070","IS"
"15897","IN"
"15898","IN"
"15899","IN"
"15900","IN"
"15951","IN"
"15952","IN"
"15953","IN"
"15954","IN"
"15955","IN"
"15956","IN"
"15957","IN"
"15958","IN"
"15959","IN"
"15960","IN"
"15961","IN"
"15962","IN"
"15963","IN"
"15964","IN"
"15965","IN"
"15966","IN"
"15967","IN"
"15968","IN"
"15969","IN"
"15970","IN"
"15971","IN"
"15972","IN"
"15973","IN"
"15974","IN"
"15975","IN"
"15976","IN"
"15977","IN"
"15978","IN"
"15979","IN"
"15980","IN"
"15981","IN"
"15982","IN"
"15983","IN"
"15984","IN"
"15985","IN"
"15986","IN"
"15987","IN"
"15988","IN"
"15989","IN"
"15990","IN"
"15991","IN"
"9055","IN"
"15992","IN"
"15993","IN"
"15994","IN"
"15995","IN"
"15996","IN"
"15997","IN"
"15998","IN"
"15999","IN"
"16000","IN"
"16051","IN"
"16052","IN"
"16053","IN"
"16054","IN"
"16055","IN"
"16056","IN"
"16057","IN"
"16058","IN"
"16059","IN"
"16060","IN"
"16061","IN"
"16062","IN"
"10799","IN"
"16063","IN"
"16064","IN"
"16065","IN"
"16066","IN"
"16067","IN"
"16068","IN"
"16069","IN"
"16070","IN"
"16071","IN"
"16072","IN"
"16073","IN"
"16074","IN"
"16075","IN"
"16076","IN"
"16077","IN"
"16078","IN"
"16079","IN"
"16080","IN"
"16081","IN"
"16082","IN"
"9054","IN"
"16083","GR"
"16084","GR"
"16085","GR"
"15366","GR"
"10562","IN"
"16086","GR"
"16087","GR"
"16088","GR"
"16089","GR"
"10577","IN"
"10569","IN"
"9678","IN"
"16090","IN"
"9682","IN"
"9579","IN"
"9684","IN"
"9686","IN"
"16091","IN"
"9582","IN"
"16092","GL"
"13374","IN"
"9672","IN"
"16093","IN"
"9585","IN"
"16094","IN"
"9676","IN"
"16095","GL"
"10590","IN"
"16096","IN"
"9679","IN"
"9589","IN"
"16097","GL"
"9590","IN"
"16098","IN"
"16099","IN"
"9594","IN"
"9685","IN"
"9261","GL"
"9599","IN"
"9671","IN"
"16100","GL"
"9571","IN"
"16151","IN"
"16152","GL"
"9575","IN"
"16153","IN"
"9677","IN"
"16154","IN"
"16155","GL"
"9578","IN"
"16156","GL"
"16157","GL"
"9681","IN"
"16158","IN"
"16159","IN"
"9687","IN"
"9673","IN"
"9674","IN"
"9675","IN"
"16160","IN"
"16161","GL"
"9680","IN"
"9592","IN"
"9683","IN"
"9593","IN"
"16162","IN"
"9596","IN"
"9597","IN"
"16163","IN"
"9598","IN"
"9688","IN"
"9600","IN"
"9070","IN"
"16164","IN"
"16165","ID"
"16166","ID"
"16167","ID"
"16168","ID"
"16169","ID"
"16170","ID"
"16171","ID"
"16172","ID"
"9964","ID"
"16173","ID"
"16174","ID"
"16175","ID"
"16176","ID"
"16177","ID"
"16178","ID"
"9699","ID"
"16179","ID"
"16180","ID"
"16181","ID"
"16182","ID"
"9054","ID"
"9055","ID"
"16183","ID"
"16184","ID"
"9353","ID"
"10564","ID"
"16185","ID"
"10565","ID"
"16186","ID"
"9165","ID"
"16187","IR"
"16188","IR"
"11270","IR"
"11271","IR"
"16189","IR"
"16190","IR"
"9075","IR"
"11273","IR"
"16191","IR"
"16192","IR"
"16193","IR"
"11277","IR"
"16194","IR"
"11279","IR"
"16195","IR"
"16196","IR"
"16197","IR"
"11285","IR"
"16198","IR"
"16199","IR"
"16200","IR"
"16251","IR"
"16252","IR"
"11290","IR"
"11292","IR"
"11295","IR"
"16253","IR"
"16254","IR"
"16255","IR"
"16256","IR"
"16257","IR"
"16258","IR"
"16259","IR"
"16260","IR"
"16261","IR"
"11357","IR"
"9057","IR"
"11853","GD"
"16262","IR"
"16263","IR"
"16264","IR"
"16265","IR"
"11360","IR"
"9054","IR"
"9063","IR"
"9070","IR"
"16266","IQ"
"16267","IQ"
"16268","IQ"
"16269","IQ"
"11385","GD"
"16270","IQ"
"16271","IQ"
"16272","IQ"
"16273","IQ"
"16274","IQ"
"16275","IQ"
"16276","IQ"
"9261","IQ"
"16277","IQ"
"16278","IQ"
"16279","IQ"
"16280","IQ"
"16281","IQ"
"16282","IQ"
"16283","IQ"
"16284","IQ"
"16285","IQ"
"16286","IQ"
"16287","IQ"
"16288","IQ"
"16289","IQ"
"16290","IQ"
"16291","IQ"
"16292","IQ"
"16293","IQ"
"9055","IQ"
"16294","IQ"
"16295","IQ"
"16296","IQ"
"16297","IQ"
"16298","IQ"
"16299","IQ"
"16300","IQ"
"16351","IQ"
"16352","IQ"
"16353","IQ"
"16354","IQ"
"16355","IQ"
"16356","IQ"
"16357","IQ"
"16358","IQ"
"16359","IQ"
"11270","GP"
"16360","IQ"
"16361","IQ"
"11271","GP"
"16362","IQ"
"9057","IQ"
"16363","IQ"
"16364","IQ"
"11290","GP"
"15563","GP"
"10689","IQ"
"9054","IQ"
"16365","IQ"
"16366","IQ"
"11273","GP"
"11277","GP"
"11279","GP"
"11292","GP"
"11285","GP"
"10562","IQ"
"11357","GP"
"16367","GP"
"16368","GP"
"16369","GP"
"11360","GP"
"9059","IQ"
"16370","IQ"
"11295","GP"
"9061","IQ"
"9062","IQ"
"9064","IQ"
"9065","IQ"
"9067","IQ"
"9068","IQ"
"9070","IQ"
"10677","IQ"
"16371","IE"
"16372","IE"
"16373","IE"
"16374","IE"
"16375","IE"
"16376","IE"
"16377","IE"
"16378","IE"
"16379","IE"
"16380","IE"
"16381","IE"
"16382","IE"
"16383","IE"
"16384","IE"
"16385","IE"
"16386","IE"
"16387","IE"
"16388","IE"
"16389","IE"
"16390","IE"
"16391","IE"
"16392","IE"
"16393","IE"
"16394","IE"
"16395","IE"
"16396","IE"
"16397","IE"
"16398","IE"
"16399","IE"
"9054","IE"
"16400","IE"
"16451","IE"
"9069","GP"
"16452","IE"
"16453","IE"
"16454","IE"
"9200","IE"
"16455","IE"
"16456","IE"
"16457","IE"
"16458","IE"
"16459","IE"
"16460","IE"
"16461","IE"
"16462","IE"
"16463","IE"
"16464","IE"
"16465","IE"
"16466","IE"
"16467","IE"
"9055","GU"
"15453","IE"
"16468","IE"
"16469","IE"
"16470","IE"
"15366","IE"
"16471","IE"
"16472","IE"
"16473","IE"
"16474","IE"
"9596","IE"
"16475","IE"
"16476","IM"
"16477","IM"
"16478","IM"
"16479","IM"
"16480","IM"
"9057","IM"
"16481","IM"
"16482","IM"
"16483","IM"
"16484","IM"
"16485","IM"
"16486","IM"
"16487","IM"
"9054","IM"
"16488","IM"
"16489","IM"
"16490","IM"
"16491","IM"
"16492","IM"
"16493","IM"
"16494","IM"
"16495","IM"
"16496","IM"
"16497","IM"
"16498","IM"
"9086","IM"
"16499","IM"
"16500","IM"
"16551","IM"
"16552","IM"
"16553","IM"
"16554","IM"
"16555","IM"
"16556","IM"
"16557","IM"
"16558","IM"
"16559","IM"
"16560","IM"
"16561","IM"
"16562","IM"
"10365","IM"
"10366","IM"
"10367","IM"
"10368","IM"
"9059","IM"
"9156","IM"
"9572","IM"
"9573","IM"
"9584","IM"
"9158","IM"
"16563","IM"
"9062","IM"
"9577","IM"
"9588","IM"
"9067","IM"
"9068","IM"
"16564","IM"
"9157","IM"
"9159","IM"
"9061","IM"
"9064","IM"
"9065","IM"
"9160","IM"
"16565","IM"
"9069","IM"
"10456","IM"
"9354","IM"
"9355","IM"
"9070","IM"
"10458","IM"
"16566","IL"
"16567","IL"
"16568","IL"
"9075","IL"
"16569","IL"
"16570","IL"
"16571","IL"
"16572","IL"
"16573","IL"
"16574","IL"
"16575","IL"
"9699","IL"
"16576","IL"
"16577","IL"
"16578","IL"
"16579","IL"
"16580","IL"
"16581","IL"
"16582","IL"
"16583","IL"
"16584","IL"
"16585","IL"
"16586","IL"
"16587","IL"
"16588","IL"
"16589","IL"
"16590","IL"
"16591","IL"
"16592","IL"
"16593","IL"
"16594","IL"
"16595","IL"
"16596","IL"
"16597","IL"
"16598","IL"
"16599","IL"
"16600","IL"
"16651","IL"
"16652","IL"
"16653","IL"
"9057","IL"
"16654","IL"
"16655","IL"
"16656","IL"
"16657","IL"
"16658","IL"
"16659","IL"
"16660","IL"
"16661","IL"
"16662","IL"
"9054","IL"
"16663","IL"
"16664","IL"
"16665","IL"
"16489","IL"
"16490","IL"
"16491","IL"
"16492","IL"
"16493","IL"
"16494","IL"
"16495","IL"
"16496","IL"
"16497","IL"
"16498","IL"
"9086","IL"
"16499","IL"
"16500","IL"
"16551","IL"
"16552","IL"
"16553","IL"
"16554","IL"
"16555","IL"
"16666","IL"
"16556","IL"
"16557","IL"
"16558","IL"
"16559","IL"
"16560","IL"
"16561","IL"
"16562","IL"
"9070","GG"
"12588","IL"
"16667","IL"
"9070","IL"
"16668","IL"
"16669","IL"
"16670","IL"
"2651","GN"
"9075","GN"
"16671","IT"
"16672","IT"
"16673","IT"
"16674","IT"
"10568","IT"
"10569","IT"
"16675","IT"
"16676","IT"
"10570","IT"
"10572","IT"
"16677","IT"
"16678","IT"
"16679","IT"
"16680","IT"
"10573","IT"
"16681","IT"
"16682","IT"
"16683","IT"
"16684","IT"
"14567","IT"
"16685","IT"
"16686","IT"
"16687","IT"
"16688","IT"
"16689","IT"
"14651","IT"
"16690","IT"
"16691","IT"
"16692","IT"
"16693","IT"
"16694","IT"
"14656","IT"
"9699","IT"
"16695","IT"
"10582","IT"
"16696","IT"
"16697","IT"
"16698","IT"
"10583","IT"
"16699","IT"
"9055","IT"
"16700","IT"
"16751","IT"
"16752","IT"
"16753","IT"
"14580","IT"
"16754","IT"
"16755","IT"
"16756","IT"
"16757","IT"
"9354","GN"
"16758","IT"
"9355","GN"
"9964","IT"
"16759","IT"
"16760","IT"
"13665","GN"
"16761","IT"
"16762","IT"
"10655","IT"
"16763","IT"
"16764","IT"
"16099","IT"
"16765","IT"
"16766","IT"
"16767","IT"
"16768","IT"
"14958","IT"
"16769","IT"
"16770","IT"
"16771","IT"
"10661","IT"
"16772","IT"
"11563","IT"
"16773","IT"
"16774","IT"
"14588","IT"
"16775","IT"
"9054","IT"
"12595","IT"
"16776","IT"
"10562","IT"
"9353","IT"
"16777","IT"
"16778","IT"
"16779","IT"
"16780","IT"
"16781","IT"
"16782","IT"
"16783","IT"
"16784","IT"
"16785","IT"
"16786","IT"
"16787","IT"
"16788","IT"
"16789","IT"
"16790","IT"
"16791","IT"
"16792","IT"
"16793","IT"
"16794","IT"
"16795","IT"
"16796","IT"
"14682","IT"
"16797","IT"
"16798","IT"
"16799","IT"
"16800","IT"
"16851","IT"
"16852","IT"
"16853","IT"
"16854","IT"
"16855","IT"
"16856","IT"
"16857","IT"
"16858","IT"
"16859","IT"
"16860","IT"
"16861","IT"
"16862","IT"
"16863","IT"
"16864","IT"
"16865","IT"
"16866","IT"
"16867","IT"
"9070","IT"
"16868","IT"
"16869","IT"
"16870","IT"
"16871","IT"
"16872","IT"
"16873","IT"
"16874","JM"
"16875","JM"
"16876","JM"
"16877","JM"
"9057","JM"
"16878","JM"
"9174","JM"
"16879","JM"
"16880","JM"
"16881","JM"
"16882","JM"
"9853","JM"
"16883","JM"
"9054","JM"
"11571","JM"
"16884","JM"
"9964","JP"
"9054","JP"
"9055","JP"
"10562","JP"
"10365","JP"
"10366","JP"
"9200","JP"
"16885","JP"
"10367","JP"
"10368","JP"
"16886","JP"
"16887","JP"
"16888","JE"
"16889","JE"
"16890","JE"
"16891","JE"
"16892","JE"
"16893","JE"
"16894","JE"
"16895","JE"
"16896","JE"
"16897","JE"
"16898","JE"
"16899","JE"
"16900","JE"
"16951","JE"
"16952","JE"
"16953","JE"
"16954","JE"
"16955","JE"
"16956","JE"
"16957","JE"
"16958","JE"
"16959","JE"
"16960","JE"
"16961","JE"
"16962","JE"
"16963","JE"
"16964","JE"
"16965","JE"
"16966","JE"
"16967","JE"
"16968","JE"
"16969","JE"
"16970","JE"
"16971","JE"
"16972","JE"
"16973","JE"
"16974","JE"
"16975","JE"
"16976","JE"
"16977","JE"
"16978","JE"
"16979","JE"
"16980","JE"
"16981","JE"
"16982","JE"
"16983","JE"
"16984","JE"
"16985","JE"
"16986","JE"
"16987","JE"
"16988","JE"
"16989","JE"
"16990","JE"
"16991","JE"
"16992","JE"
"16993","JE"
"16994","JE"
"14862","JE"
"16995","JE"
"9054","JE"
"16996","JE"
"10562","JE"
"16997","JE"
"16998","JE"
"16999","JE"
"17000","JE"
"17051","JE"
"17052","JE"
"17053","JE"
"17054","JE"
"17055","JE"
"17056","JE"
"9155","JE"
"17057","JE"
"17058","JE"
"17059","JE"
"17060","JE"
"17061","JE"
"17062","JE"
"17063","JE"
"17064","JE"
"17065","JE"
"17066","JE"
"17067","JE"
"17068","JE"
"17069","JE"
"17070","JE"
"17071","JE"
"17072","JE"
"17073","JE"
"17074","JE"
"17075","JE"
"17076","JE"
"17077","JE"
"17078","JE"
"17079","JE"
"17080","JE"
"17081","JE"
"17082","JE"
"17083","JE"
"17084","JE"
"17085","JE"
"17086","JE"
"17087","JE"
"17088","JE"
"9069","HT"
"11585","HM"
"12588","JE"
"13188","JE"
"13189","JE"
"11590","HM"
"16667","JE"
"9069","JE"
"10456","JE"
"13190","JE"
"10458","JE"
"16668","JE"
"16669","JE"
"16670","JE"
"13191","JE"
"11594","HM"
"16187","JO"
"17089","JO"
"17090","JO"
"14058","JO"
"17091","JO"
"17092","JO"
"17093","JO"
"16194","JO"
"17094","JO"
"17095","JO"
"17096","JO"
"17097","JO"
"11659","HM"
"9261","JO"
"17098","JO"
"17099","JO"
"17100","JO"
"17151","JO"
"17152","JO"
"17153","JO"
"17154","JO"
"17155","JO"
"17156","JO"
"9055","JO"
"17157","JO"
"17158","JO"
"17159","JO"
"17160","JO"
"17161","JO"
"17162","JO"
"17163","JO"
"17164","JO"
"17165","JO"
"17166","JO"
"17167","JO"
"17168","JO"
"16758","JO"
"17169","JO"
"17170","JO"
"17171","JO"
"17172","JO"
"17173","JO"
"17174","JO"
"17175","JO"
"17176","JO"
"17177","JO"
"9057","JO"
"17178","JO"
"17179","JO"
"17180","JO"
"17181","JO"
"17182","JO"
"9054","JO"
"10562","JO"
"9059","JO"
"9353","JO"
"9061","JO"
"9062","JO"
"17183","JO"
"9064","JO"
"9065","JO"
"9067","JO"
"9068","JO"
"17184","JO"
"17185","JO"
"12861","JO"
"17186","KZ"
"17187","KZ"
"17188","KZ"
"17189","KZ"
"17190","KZ"
"14579","KZ"
"17191","KZ"
"17192","KZ"
"17193","KZ"
"17194","KZ"
"17195","KZ"
"17196","KZ"
"17197","KZ"
"17198","KZ"
"17199","KZ"
"17200","KZ"
"17251","KZ"
"17252","KZ"
"17253","KZ"
"17254","KZ"
"17255","KZ"
"17256","KZ"
"17257","KZ"
"16571","KZ"
"17258","KZ"
"17259","KZ"
"17260","KZ"
"17261","KZ"
"17262","KZ"
"17263","KZ"
"17264","KZ"
"17265","KZ"
"17266","KZ"
"17267","KZ"
"17268","KZ"
"17269","KZ"
"17270","KZ"
"17271","KZ"
"17272","KZ"
"17273","KZ"
"17274","KZ"
"9055","KZ"
"9054","KZ"
"17275","KZ"
"17276","KZ"
"17277","KZ"
"17278","KZ"
"9059","KZ"
"9061","KZ"
"9062","KZ"
"9064","KZ"
"9065","KZ"
"9067","KZ"
"9068","KZ"
"9070","KZ"
"17279","KE"
"17280","KE"
"15469","KE"
"17281","KE"
"17282","KE"
"17283","KE"
"17284","KE"
"17285","KE"
"17286","KE"
"9174","KE"
"17287","KE"
"17288","KE"
"17289","KE"
"17290","KE"
"17291","KE"
"14394","KE"
"17292","KE"
"17293","KE"
"17294","KE"
"17295","KE"
"17296","KE"
"17297","KE"
"12861","KE"
"17298","KE"
"17299","KE"
"17300","KE"
"17351","KE"
"9057","KE"
"17352","KE"
"17353","KE"
"17354","KE"
"17355","KE"
"17356","KE"
"17357","KE"
"17358","KE"
"17359","KE"
"17360","KE"
"9054","KE"
"9055","KE"
"17361","KE"
"17362","KE"
"17363","KE"
"9059","KE"
"9061","KE"
"9062","KE"
"9064","KE"
"17364","KE"
"9065","KE"
"9067","KE"
"9068","KE"
"9071","KI"
"9072","KI"
"9073","KI"
"2651","KI"
"9075","KI"
"9074","KI"
"9076","KI"
"9077","KI"
"9078","KI"
"9079","KI"
"9080","KI"
"9081","KI"
"9082","KI"
"9084","KI"
"9054","KI"
"9055","KI"
"10365","HN"
"9351","KI"
"10366","HN"
"9352","KI"
"10367","HN"
"10368","HN"
"9097","KI"
"10365","KI"
"9098","KI"
"10366","KI"
"9099","KI"
"9100","KI"
"9151","KI"
"9152","KI"
"10367","KI"
"9153","KI"
"9154","KI"
"10368","KI"
"10691","KI"
"11554","KI"
"10695","KI"
"10693","KI"
"10694","KI"
"9069","KI"
"9070","KI"
"17365","KP"
"11270","KP"
"11271","KP"
"17366","KP"
"11290","KP"
"9075","KP"
"17367","KP"
"11273","KP"
"17368","KP"
"11277","KP"
"17369","KP"
"11279","KP"
"17370","KP"
"17371","KP"
"11292","KP"
"11285","KP"
"17372","KP"
"17373","KP"
"11357","KP"
"9057","KP"
"17374","KP"
"17375","KP"
"17376","KP"
"11360","KP"
"9054","KP"
"9055","KP"
"11295","KP"
"17377","KP"
"9964","KR"
"9054","KR"
"9055","KR"
"17378","KR"
"17379","KR"
"17380","KR"
"9062","KR"
"17381","KR"
"17382","KR"
"17383","KR"
"9068","KR"
"17384","KR"
"9064","KR"
"9059","KR"
"17385","KR"
"17386","KR"
"17387","KR"
"17388","KR"
"17389","KR"
"17390","KR"
"17391","KR"
"17392","KR"
"17393","KR"
"9067","KR"
"17394","KR"
"17395","KR"
"17396","KR"
"17397","KR"
"16471","KR"
"17398","KR"
"17399","KR"
"17400","KR"
"9061","KR"
"9065","KR"
"17451","KR"
"17452","KR"
"17453","KR"
"17454","KR"
"17455","KR"
"14560","KW"
"14563","KW"
"17456","KW"
"14566","KW"
"17457","KW"
"9174","KW"
"17458","KW"
"14567","KW"
"14568","KW"
"14569","KW"
"14570","KW"
"17459","KW"
"17460","KW"
"17461","KW"
"17462","KW"
"17463","KW"
"17464","KW"
"17465","KW"
"14571","KW"
"14573","KW"
"17466","KW"
"14575","KW"
"14577","KW"
"17467","KW"
"14578","KW"
"14579","KW"
"14580","KW"
"17468","KW"
"17469","KW"
"17470","KW"
"17471","KW"
"14582","KW"
"10599","KW"
"14583","KW"
"14584","KW"
"17472","KW"
"14585","KW"
"17473","KW"
"17474","KW"
"17475","KW"
"14586","KW"
"17476","KW"
"14587","KW"
"17477","KW"
"11563","KW"
"17478","KW"
"14588","KW"
"17479","KW"
"11586","KW"
"9054","KW"
"14591","KW"
"14592","KW"
"14593","KW"
"14594","KW"
"14595","KW"
"17480","KW"
"14597","KW"
"17481","KW"
"14599","KW"
"14600","KW"
"17482","KW"
"17483","KW"
"14651","KW"
"17484","KW"
"14652","KW"
"14653","KW"
"17485","KW"
"14656","KW"
"17486","KW"
"17487","KW"
"9699","KW"
"14660","KW"
"17488","KW"
"14662","KW"
"14663","KW"
"17489","KW"
"17490","KW"
"17491","KW"
"17492","KW"
"14666","KW"
"9964","KW"
"14668","KW"
"14669","KW"
"10652","KW"
"15366","HU"
"14670","KW"
"9057","KW"
"14672","KW"
"15367","HU"
"14673","KW"
"17493","KW"
"14674","KW"
"15368","HU"
"14675","KW"
"17494","KW"
"17495","KW"
"14678","KW"
"17496","KW"
"14679","KW"
"14680","KW"
"17497","KW"
"17498","KW"
"9353","KW"
"9571","KW"
"9575","KW"
"9062","KW"
"9578","KW"
"9068","KW"
"17499","KW"
"17500","KW"
"9579","KW"
"9582","KW"
"9064","KW"
"9059","KW"
"9585","KW"
"17551","KW"
"9067","KW"
"9589","KW"
"9590","KW"
"17552","KW"
"9592","KW"
"9593","KW"
"9061","KW"
"9594","KW"
"9596","KW"
"9597","KW"
"9598","KW"
"9599","KW"
"9065","KW"
"9600","KW"
"17553","KW"
"9070","KW"
"17554","KW"
"17555","KG"
"17556","KG"
"17557","KG"
"17558","KG"
"17559","KG"
"14371","KG"
"17560","KG"
"17561","KG"
"17562","KG"
"17563","KG"
"17564","KG"
"17565","KG"
"17566","KG"
"17567","KG"
"17568","KG"
"17569","KG"
"17570","KG"
"17571","KG"
"9261","KG"
"9054","KG"
"17572","KG"
"9055","KG"
"17573","KG"
"9059","KG"
"9061","KG"
"9062","KG"
"9064","KG"
"9065","KG"
"9067","KG"
"9068","KG"
"9069","KG"
"9070","KG"
"10677","KG"
"17574","LA"
"11270","LA"
"11271","LA"
"11290","LA"
"9075","LA"
"17575","LA"
"11273","LA"
"17576","LA"
"17577","LA"
"17578","LA"
"11277","LA"
"11279","LA"
"17579","LA"
"17580","LA"
"17581","LA"
"17582","LA"
"17583","LA"
"17584","LA"
"11292","LA"
"11285","LA"
"17585","LA"
"11357","LA"
"17586","LA"
"17587","LA"
"17588","LA"
"17589","LA"
"11360","LA"
"9853","LA"
"17590","LA"
"17591","LA"
"9054","LA"
"11295","LA"
"17592","LA"
"17593","LA"
"9059","LA"
"9572","LA"
"9573","LA"
"9584","LA"
"9061","LA"
"9062","LA"
"9577","LA"
"9064","LA"
"9065","LA"
"9588","LA"
"9067","LA"
"9068","LA"
"9070","LA"
"17594","LV"
"17595","LV"
"17596","LV"
"17597","LV"
"17598","LV"
"17599","LV"
"17600","LV"
"9174","LV"
"17651","LV"
"17652","LV"
"17653","LV"
"17654","LV"
"17655","LV"
"17656","LV"
"17657","LV"
"17658","LV"
"17659","LV"
"17660","LV"
"17661","LV"
"17662","LV"
"17663","LV"
"9057","LV"
"17664","LV"
"17665","LV"
"17666","LV"
"17667","LV"
"17668","LV"
"17669","LV"
"17670","LV"
"17671","LV"
"17672","LV"
"9054","LV"
"17673","LV"
"9200","LV"
"9059","LV"
"9353","LV"
"9061","LV"
"9062","LV"
"9064","LV"
"9065","LV"
"9067","LV"
"9068","LV"
"9070","LV"
"17674","LB"
"17675","LB"
"17676","LB"
"17677","LB"
"17678","LB"
"17679","LB"
"17680","LB"
"17681","LB"
"17682","LB"
"17683","LB"
"17684","LB"
"17685","LB"
"17686","LB"
"17687","LB"
"17688","LB"
"17689","LB"
"17690","LB"
"17691","LB"
"17692","LB"
"17693","LB"
"17694","LB"
"17695","LB"
"17696","LB"
"17697","LB"
"17698","LB"
"17699","LB"
"17700","LB"
"17751","LB"
"17752","LB"
"17753","LB"
"17754","LB"
"17755","LB"
"17756","LB"
"9699","LB"
"17757","LB"
"17758","LB"
"17759","LB"
"17760","LB"
"17761","LB"
"17762","LB"
"17763","LB"
"17764","LB"
"17765","LB"
"17766","LB"
"17767","LB"
"17768","LB"
"17769","LB"
"17770","LB"
"17771","LB"
"17772","LB"
"17773","LB"
"17774","LB"
"17775","LB"
"17776","LB"
"17777","LB"
"17778","LB"
"17779","LB"
"17780","LB"
"17781","LB"
"17782","LB"
"17783","LB"
"17784","LB"
"17785","LB"
"17786","LB"
"17787","LB"
"17788","LB"
"17789","LB"
"17790","LB"
"17791","LB"
"17792","LB"
"17793","LB"
"9057","LB"
"17794","LB"
"17795","LB"
"17796","LB"
"17797","LB"
"11563","LB"
"17798","LB"
"17799","LB"
"17800","LB"
"17851","LB"
"9054","LB"
"17852","LB"
"17853","LB"
"17854","LB"
"17855","ID"
"17856","ID"
"17857","ID"
"17858","ID"
"17859","ID"
"17860","ID"
"17861","ID"
"17862","ID"
"17863","ID"
"17864","ID"
"14083","LB"
"14084","LB"
"10958","LB"
"17865","ID"
"17866","ID"
"14086","LB"
"17867","ID"
"14087","LB"
"17868","ID"
"17869","ID"
"17870","ID"
"14089","LB"
"17871","ID"
"17872","ID"
"14090","LB"
"13780","ID"
"14091","LB"
"17873","ID"
"13162","LB"
"14092","LB"
"14093","LB"
"14094","LB"
"10799","ID"
"10959","LB"
"14095","LB"
"17874","ID"
"17875","ID"
"17876","ID"
"14096","LB"
"17877","ID"
"14097","LB"
"17878","ID"
"17879","ID"
"17880","ID"
"14098","LB"
"17881","ID"
"14099","LB"
"17882","ID"
"14100","LB"
"17883","ID"
"17884","ID"
"17885","ID"
"14151","LB"
"14152","LB"
"17886","ID"
"14153","LB"
"14154","LB"
"14155","LB"
"14156","LB"
"14157","LB"
"14158","LB"
"14159","LB"
"14160","LB"
"14161","LB"
"14162","LB"
